sample_id,rel_path,cwe,source,sanitizer,sink,true_label,body_hash,n_chars
S0001,raw_sard_php/Injection/CWE_78/safe/CWE_78__GET__func_FILTER-CLEANING-magic_quotes_filter__ls-interpretation_simple_quote.php,CWE_78,GET,func_FILTER-CLEANING-magic_quotes_filter,ls-interpretation_simple_quote,Safe,3d1eb97a6aac,172
S0002,raw_sard_php/Injection/CWE_78/safe/CWE_78__GET__func_preg_replace__cat-concatenation_simple_quote.php,CWE_78,GET,func_preg_replace,cat-concatenation_simple_quote,Safe,8641745e3440,136
S0003,raw_sard_php/Injection/CWE_78/safe/CWE_78__GET__ternary_white_list__find_size-sprintf_%s_simple_quote.php,CWE_78,GET,ternary_white_list,find_size-sprintf_%s_simple_quote,Safe,626e3d9885da,155
S0004,raw_sard_php/Injection/CWE_78/safe/CWE_78__GET__whitelist_using_array__cat-concatenation_simple_quote.php,CWE_78,GET,whitelist_using_array,cat-concatenation_simple_quote,Safe,63643bdd125b,235
S0005,raw_sard_php/Injection/CWE_78/safe/CWE_78__POST__CAST-cast_float_sort_of__find_size-interpretation_simple_quote.php,CWE_78,POST,CAST-cast_float_sort_of,find_size-interpretation_simple_quote,Safe,0d53be226edb,111
S0006,raw_sard_php/Injection/CWE_78/safe/CWE_78__SESSION__CAST-cast_float__find_size-concatenation_simple_quote.php,CWE_78,SESSION,CAST-cast_float,find_size-concatenation_simple_quote,Safe,90d69d7c378a,131
S0007,raw_sard_php/Injection/CWE_78/safe/CWE_78__SESSION__CAST-cast_float__find_size-interpretation_simple_quote.php,CWE_78,SESSION,CAST-cast_float,find_size-interpretation_simple_quote,Safe,6f439dee9ab6,126
S0008,raw_sard_php/Injection/CWE_78/safe/CWE_78__SESSION__func_addslashes__cat-sprintf_%s_simple_quote.php,CWE_78,SESSION,func_addslashes,cat-sprintf_%s_simple_quote,Safe,724a44900608,132
S0009,raw_sard_php/Injection/CWE_78/safe/CWE_78__SESSION__ternary_white_list__ls-interpretation_simple_quote.php,CWE_78,SESSION,ternary_white_list,ls-interpretation_simple_quote,Safe,09f99f22b7f2,139
S0010,raw_sard_php/Injection/CWE_78/safe/CWE_78__array-GET__CAST-cast_int__find_size-concatenation_simple_quote.php,CWE_78,array-GET,CAST-cast_int,find_size-concatenation_simple_quote,Safe,806a8fe87fc6,207
S0011,raw_sard_php/Injection/CWE_78/safe/CWE_78__array-GET__CAST-func_settype_int__find_size-concatenation_simple_quote.php,CWE_78,array-GET,CAST-func_settype_int,find_size-concatenation_simple_quote,Safe,92bc2b6cc5f6,255
S0012,raw_sard_php/Injection/CWE_78/safe/CWE_78__array-GET__func_FILTER-CLEANING-magic_quotes_filter__ls-interpretation_simple_quote.php,CWE_78,array-GET,func_FILTER-CLEANING-magic_quotes_filter,ls-interpretation_simple_quote,Safe,acab22e2d853,254
S0013,raw_sard_php/Injection/CWE_78/safe/CWE_78__array-GET__func_FILTER-VALIDATION-number_float_filter__find_size-interpretation_simple_quote.php,CWE_78,array-GET,func_FILTER-VALIDATION-number_float_filter,find_size-interpretation_simple_quote,Safe,40df007e8431,270
S0014,raw_sard_php/Injection/CWE_78/safe/CWE_78__backticks__CAST-cast_int_sort_of2__find_size-concatenation_simple_quote.php,CWE_78,backticks,CAST-cast_int_sort_of2,find_size-concatenation_simple_quote,Safe,b0fcd734a4a8,127
S0015,raw_sard_php/Injection/CWE_78/safe/CWE_78__backticks__CAST-cast_int_sort_of__find_size-concatenation_simple_quote.php,CWE_78,backticks,CAST-cast_int_sort_of,find_size-concatenation_simple_quote,Safe,ffd54adf47f5,118
S0016,raw_sard_php/Injection/CWE_78/safe/CWE_78__backticks__func_FILTER-CLEANING-number_int_filter__find_size-sprintf_%s_simple_quote.php,CWE_78,backticks,func_FILTER-CLEANING-number_int_filter,find_size-sprintf_%s_simple_quote,Safe,d7f1d4ed4b28,265
S0017,raw_sard_php/Injection/CWE_78/safe/CWE_78__backticks__func_addslashes__cat-concatenation_simple_quote.php,CWE_78,backticks,func_addslashes,cat-concatenation_simple_quote,Safe,84425e8af827,127
S0018,raw_sard_php/Injection/CWE_78/safe/CWE_78__backticks__func_htmlspecialchars__ls-sprintf_%s_simple_quote.php,CWE_78,backticks,func_htmlspecialchars,ls-sprintf_%s_simple_quote,Safe,a2e59ed3982a,150
S0019,raw_sard_php/Injection/CWE_78/safe/CWE_78__backticks__func_preg_match-letters_numbers__ls-sprintf_%s_simple_quote.php,CWE_78,backticks,func_preg_match-letters_numbers,ls-sprintf_%s_simple_quote,Safe,4685306a329a,207
S0020,raw_sard_php/Injection/CWE_78/safe/CWE_78__backticks__func_preg_match-only_numbers__find_size-sprintf_%s_simple_quote.php,CWE_78,backticks,func_preg_match-only_numbers,find_size-sprintf_%s_simple_quote,Safe,006900d3f7f2,210
S0021,raw_sard_php/Injection/CWE_78/safe/CWE_78__backticks__func_preg_replace2__cat-interpretation_simple_quote.php,CWE_78,backticks,func_preg_replace2,cat-interpretation_simple_quote,Safe,f9ccf2a0de72,136
S0022,raw_sard_php/Injection/CWE_78/safe/CWE_78__exec__CAST-cast_float_sort_of__find_size-interpretation_simple_quote.php,CWE_78,exec,CAST-cast_float_sort_of,find_size-interpretation_simple_quote,Safe,865f26f2fdac,166
S0023,raw_sard_php/Injection/CWE_78/safe/CWE_78__exec__CAST-cast_int__find_size-concatenation_simple_quote.php,CWE_78,exec,CAST-cast_int,find_size-concatenation_simple_quote,Safe,19c943997fe4,181
S0024,raw_sard_php/Injection/CWE_78/safe/CWE_78__exec__CAST-func_settype_float__find_size-concatenation_simple_quote.php,CWE_78,exec,CAST-func_settype_float,find_size-concatenation_simple_quote,Safe,d7db9fc752ad,228
S0025,raw_sard_php/Injection/CWE_78/safe/CWE_78__exec__func_floatval__find_size-concatenation_simple_quote.php,CWE_78,exec,func_floatval,find_size-concatenation_simple_quote,Safe,4e3c00edcd01,184
S0026,raw_sard_php/Injection/CWE_78/safe/CWE_78__exec__func_intval__find_size-sprintf_%s_simple_quote.php,CWE_78,exec,func_intval,find_size-sprintf_%s_simple_quote,Safe,00be7bd75685,188
S0027,raw_sard_php/Injection/CWE_78/safe/CWE_78__exec__func_preg_replace2__cat-sprintf_%s_simple_quote.php,CWE_78,exec,func_preg_replace2,cat-sprintf_%s_simple_quote,Safe,91ad00f57887,198
S0028,raw_sard_php/Injection/CWE_78/safe/CWE_78__exec__func_preg_replace__cat-interpretation_simple_quote.php,CWE_78,exec,func_preg_replace,cat-interpretation_simple_quote,Safe,397e137a3bdb,187
S0029,raw_sard_php/Injection/CWE_78/safe/CWE_78__fopen__CAST-cast_int_sort_of__find_size-interpretation_simple_quote.php,CWE_78,fopen,CAST-cast_int_sort_of,find_size-interpretation_simple_quote,Safe,ba0b541515f4,245
S0030,raw_sard_php/Injection/CWE_78/safe/CWE_78__fopen__func_floatval__find_size-concatenation_simple_quote.php,CWE_78,fopen,func_floatval,find_size-concatenation_simple_quote,Safe,219e91924107,265
S0031,raw_sard_php/Injection/CWE_78/safe/CWE_78__fopen__func_mysql_real_escape_string__find_size-sprintf_%s_simple_quote.php,CWE_78,fopen,func_mysql_real_escape_string,find_size-sprintf_%s_simple_quote,Safe,094f8ba4834f,287
S0032,raw_sard_php/Injection/CWE_78/safe/CWE_78__object-Array__CAST-func_settype_float__find_size-concatenation_simple_quote.php,CWE_78,object-Array,CAST-func_settype_float,find_size-concatenation_simple_quote,Safe,09bd3b4d9fdd,424
S0033,raw_sard_php/Injection/CWE_78/safe/CWE_78__object-Array__func_preg_match-only_numbers__find_size-concatenation_simple_quote.php,CWE_78,object-Array,func_preg_match-only_numbers,find_size-concatenation_simple_quote,Safe,3fb75b6216f3,451
S0034,raw_sard_php/Injection/CWE_78/safe/CWE_78__object-classicGet__CAST-cast_int__find_size-sprintf_%s_simple_quote.php,CWE_78,object-classicGet,CAST-cast_int,find_size-sprintf_%s_simple_quote,Safe,46c28f2bf7db,302
S0035,raw_sard_php/Injection/CWE_78/safe/CWE_78__object-classicGet__func_FILTER-CLEANING-number_float_filter__find_size-interpretation_simple_quote.php,CWE_78,object-classicGet,func_FILTER-CLEANING-number_float_filter,find_size-interpretation_simple_quote,Safe,5f09f6b04fe2,424
S0036,raw_sard_php/Injection/CWE_78/safe/CWE_78__object-classicGet__func_preg_replace__cat-interpretation_simple_quote.php,CWE_78,object-classicGet,func_preg_replace,cat-interpretation_simple_quote,Safe,229789d8c27f,302
S0037,raw_sard_php/Injection/CWE_78/safe/CWE_78__object-classicGet__whitelist_using_array__find_size-concatenation_simple_quote.php,CWE_78,object-classicGet,whitelist_using_array,find_size-concatenation_simple_quote,Safe,8be87194fab6,414
S0038,raw_sard_php/Injection/CWE_78/safe/CWE_78__object-directGet__func_FILTER-VALIDATION-number_int_filter__find_size-sprintf_%s_simple_quote.php,CWE_78,object-directGet,func_FILTER-VALIDATION-number_int_filter,find_size-sprintf_%s_simple_quote,Safe,0ea8d2aa2b22,290
S0039,raw_sard_php/Injection/CWE_78/safe/CWE_78__object-directGet__func_htmlentities__cat-interpretation_simple_quote.php,CWE_78,object-directGet,func_htmlentities,cat-interpretation_simple_quote,Safe,f1cb8e0a89ee,224
S0040,raw_sard_php/Injection/CWE_78/safe/CWE_78__object-directGet__ternary_white_list__find_size-sprintf_%s_simple_quote.php,CWE_78,object-directGet,ternary_white_list,find_size-sprintf_%s_simple_quote,Safe,43ee7384e488,248
S0041,raw_sard_php/Injection/CWE_78/safe/CWE_78__object-indexArray__func_FILTER-CLEANING-number_float_filter__find_size-concatenation_simple_quote.php,CWE_78,object-indexArray,func_FILTER-CLEANING-number_float_filter,find_size-concatenation_simple_quote,Safe,481ed2b5d400,536
S0042,raw_sard_php/Injection/CWE_78/safe/CWE_78__object-indexArray__func_intval__find_size-sprintf_%s_simple_quote.php,CWE_78,object-indexArray,func_intval,find_size-sprintf_%s_simple_quote,Safe,105acdde657c,410
S0043,raw_sard_php/Injection/CWE_78/safe/CWE_78__popen__CAST-cast_int_sort_of2__find_size-concatenation_simple_quote.php,CWE_78,popen,CAST-cast_int_sort_of2,find_size-concatenation_simple_quote,Safe,aac73b9abc1e,193
S0044,raw_sard_php/Injection/CWE_78/safe/CWE_78__popen__func_htmlspecialchars__ls-sprintf_%s_simple_quote.php,CWE_78,popen,func_htmlspecialchars,ls-sprintf_%s_simple_quote,Safe,0962d65dbe5f,216
S0045,raw_sard_php/Injection/CWE_78/safe/CWE_78__proc_open__func_FILTER-VALIDATION-number_float_filter__find_size-concatenation_simple_quote.php,CWE_78,proc_open,func_FILTER-VALIDATION-number_float_filter,find_size-concatenation_simple_quote,Safe,e9a4eb5cba59,539
S0046,raw_sard_php/Injection/CWE_78/safe/CWE_78__shell_exec__CAST-func_settype_float__find_size-interpretation_simple_quote.php,CWE_78,shell_exec,CAST-func_settype_float,find_size-interpretation_simple_quote,Safe,c111141e86d4,184
S0047,raw_sard_php/Injection/CWE_78/safe/CWE_78__shell_exec__func_FILTER-CLEANING-number_int_filter__find_size-concatenation_simple_quote.php,CWE_78,shell_exec,func_FILTER-CLEANING-number_int_filter,find_size-concatenation_simple_quote,Safe,33682cc06787,271
S0048,raw_sard_php/Injection/CWE_78/safe/CWE_78__shell_exec__func_FILTER-VALIDATION-number_int_filter__find_size-interpretation_simple_quote.php,CWE_78,shell_exec,func_FILTER-VALIDATION-number_int_filter,find_size-interpretation_simple_quote,Safe,b0c27fb151e1,203
S0049,raw_sard_php/Injection/CWE_78/safe/CWE_78__shell_exec__func_escapeshellarg__cat-interpretation_simple_quote.php,CWE_78,shell_exec,func_escapeshellarg,cat-interpretation_simple_quote,Safe,717ca7c53cac,136
S0050,raw_sard_php/Injection/CWE_78/safe/CWE_78__shell_exec__func_mysql_real_escape_string__find_size-concatenation_simple_quote.php,CWE_78,shell_exec,func_mysql_real_escape_string,find_size-concatenation_simple_quote,Safe,6f539f90dd98,161
S0051,raw_sard_php/Injection/CWE_78/safe/CWE_78__shell_exec__func_preg_match-only_letters__ls-interpretation_simple_quote.php,CWE_78,shell_exec,func_preg_match-only_letters,ls-interpretation_simple_quote,Safe,f8d8b1b97583,205
S0052,raw_sard_php/Injection/CWE_78/safe/CWE_78__shell_exec__ternary_white_list__cat-interpretation_simple_quote.php,CWE_78,shell_exec,ternary_white_list,cat-interpretation_simple_quote,Safe,141b9c3fa040,153
S0053,raw_sard_php/Injection/CWE_78/safe/CWE_78__system__func_FILTER-CLEANING-magic_quotes_filter__cat-interpretation_simple_quote.php,CWE_78,system,func_FILTER-CLEANING-magic_quotes_filter,cat-interpretation_simple_quote,Safe,5c1e5a994910,177
S0054,raw_sard_php/Injection/CWE_78/safe/CWE_78__system__func_FILTER-CLEANING-number_float_filter__find_size-sprintf_%s_simple_quote.php,CWE_78,system,func_FILTER-CLEANING-number_float_filter,find_size-sprintf_%s_simple_quote,Safe,53ae9a03c165,268
S0055,raw_sard_php/Injection/CWE_78/safe/CWE_78__system__func_preg_match-only_letters__ls-sprintf_%s_simple_quote.php,CWE_78,system,func_preg_match-only_letters,ls-sprintf_%s_simple_quote,Safe,694ec03d4c8b,203
S0056,raw_sard_php/Injection/CWE_78/safe/CWE_78__unserialize__CAST-func_settype_int__find_size-sprintf_%s_simple_quote.php,CWE_78,unserialize,CAST-func_settype_int,find_size-sprintf_%s_simple_quote,Safe,8aa12331bf38,213
S0057,raw_sard_php/Injection/CWE_78/safe/CWE_78__unserialize__func_escapeshellarg__ls-sprintf_%s_simple_quote.php,CWE_78,unserialize,func_escapeshellarg,ls-sprintf_%s_simple_quote,Safe,ab2f1139769b,163
S0058,raw_sard_php/Injection/CWE_78/safe/CWE_78__unserialize__func_htmlentities__ls-concatenation_simple_quote.php,CWE_78,unserialize,func_htmlentities,ls-concatenation_simple_quote,Safe,ed77b0f3d2d1,169
S0059,raw_sard_php/Injection/CWE_78/safe/CWE_78__unserialize__func_preg_match-letters_numbers__cat-interpretation_simple_quote.php,CWE_78,unserialize,func_preg_match-letters_numbers,cat-interpretation_simple_quote,Safe,047147cb7bda,226
S0060,raw_sard_php/Injection/CWE_78/safe/CWE_78__unserialize__func_preg_replace__cat-sprintf_%s_simple_quote.php,CWE_78,unserialize,func_preg_replace,cat-sprintf_%s_simple_quote,Safe,6ec4fd72565f,176
S0061,raw_sard_php/Injection/CWE_78/unsafe/CWE_78__GET__func_FILTER-VALIDATION-email_filter__ls-interpretation_simple_quote.php,CWE_78,GET,func_FILTER-VALIDATION-email_filter,ls-interpretation_simple_quote,Vulnerable,e4056a4736e5,186
S0062,raw_sard_php/Injection/CWE_78/unsafe/CWE_78__GET__no_sanitizing__cat-sprintf_%s_simple_quote.php,CWE_78,GET,no_sanitizing,cat-sprintf_%s_simple_quote,Vulnerable,a40661cbf10c,118
S0063,raw_sard_php/Injection/CWE_78/unsafe/CWE_78__POST__func_FILTER-CLEANING-full_special_chars_filter__cat-sprintf_%s_simple_quote.php,CWE_78,POST,func_FILTER-CLEANING-full_special_chars_filter,cat-sprintf_%s_simple_quote,Vulnerable,668559c6dc8e,198
S0064,raw_sard_php/Injection/CWE_78/unsafe/CWE_78__POST__func_FILTER-CLEANING-full_special_chars_filter__ls-concatenation_simple_quote.php,CWE_78,POST,func_FILTER-CLEANING-full_special_chars_filter,ls-concatenation_simple_quote,Vulnerable,6f49f14b7304,191
S0065,raw_sard_php/Injection/CWE_78/unsafe/CWE_78__POST__func_FILTER-CLEANING-full_special_chars_filter__ls-interpretation_simple_quote.php,CWE_78,POST,func_FILTER-CLEANING-full_special_chars_filter,ls-interpretation_simple_quote,Vulnerable,b82797c959f9,186
S0066,raw_sard_php/Injection/CWE_78/unsafe/CWE_78__POST__func_FILTER-VALIDATION-email_filter__ls-interpretation_simple_quote.php,CWE_78,POST,func_FILTER-VALIDATION-email_filter,ls-interpretation_simple_quote,Vulnerable,1d637e16fb89,187
S0067,raw_sard_php/Injection/CWE_78/unsafe/CWE_78__POST__func_preg_match-no_filtering__ls-interpretation_simple_quote.php,CWE_78,POST,func_preg_match-no_filtering,ls-interpretation_simple_quote,Vulnerable,2ea18e3497cf,189
S0068,raw_sard_php/Injection/CWE_78/unsafe/CWE_78__POST__no_sanitizing__ls-concatenation_simple_quote.php,CWE_78,POST,no_sanitizing,ls-concatenation_simple_quote,Vulnerable,a3f9005a8133,112
S0069,raw_sard_php/Injection/CWE_78/unsafe/CWE_78__SESSION__func_FILTER-VALIDATION-email_filter__ls-concatenation_simple_quote.php,CWE_78,SESSION,func_FILTER-VALIDATION-email_filter,ls-concatenation_simple_quote,Vulnerable,f94d3357962a,195
S0070,raw_sard_php/Injection/CWE_78/unsafe/CWE_78__SESSION__no_sanitizing__cat-interpretation_simple_quote.php,CWE_78,SESSION,no_sanitizing,cat-interpretation_simple_quote,Vulnerable,557deab92abb,111
S0071,raw_sard_php/Injection/CWE_78/unsafe/CWE_78__array-GET__func_FILTER-CLEANING-email_filter__cat-sprintf_%s_simple_quote.php,CWE_78,array-GET,func_FILTER-CLEANING-email_filter,cat-sprintf_%s_simple_quote,Vulnerable,7cedc718588a,338
S0072,raw_sard_php/Injection/CWE_78/unsafe/CWE_78__array-GET__func_FILTER-CLEANING-full_special_chars_filter__cat-concatenation_simple_quote.php,CWE_78,array-GET,func_FILTER-CLEANING-full_special_chars_filter,cat-concatenation_simple_quote,Vulnerable,f9f96bf070d6,273
S0073,raw_sard_php/Injection/CWE_78/unsafe/CWE_78__array-GET__func_FILTER-CLEANING-special_chars_filter__cat-sprintf_%s_simple_quote.php,CWE_78,array-GET,func_FILTER-CLEANING-special_chars_filter,cat-sprintf_%s_simple_quote,Vulnerable,84086afce6cc,274
S0074,raw_sard_php/Injection/CWE_78/unsafe/CWE_78__array-GET__func_FILTER-VALIDATION-email_filter__ls-interpretation_simple_quote.php,CWE_78,array-GET,func_FILTER-VALIDATION-email_filter,ls-interpretation_simple_quote,Vulnerable,84ae4bbcd601,268
S0075,raw_sard_php/Injection/CWE_78/unsafe/CWE_78__array-GET__func_FILTER-VALIDATION-email_filter__ls-sprintf_%s_simple_quote.php,CWE_78,array-GET,func_FILTER-VALIDATION-email_filter,ls-sprintf_%s_simple_quote,Vulnerable,ad1c0b32a80f,279
S0076,raw_sard_php/Injection/CWE_78/unsafe/CWE_78__array-GET__func_preg_match-no_filtering__ls-interpretation_simple_quote.php,CWE_78,array-GET,func_preg_match-no_filtering,ls-interpretation_simple_quote,Vulnerable,599243c25d24,270
S0077,raw_sard_php/Injection/CWE_78/unsafe/CWE_78__backticks__func_preg_match-no_filtering__ls-concatenation_simple_quote.php,CWE_78,backticks,func_preg_match-no_filtering,ls-concatenation_simple_quote,Vulnerable,8c98dbe617a5,198
S0078,raw_sard_php/Injection/CWE_78/unsafe/CWE_78__backticks__no_sanitizing__find_size-concatenation_simple_quote.php,CWE_78,backticks,no_sanitizing,find_size-concatenation_simple_quote,Vulnerable,dfd5cc246419,125
S0079,raw_sard_php/Injection/CWE_78/unsafe/CWE_78__backticks__no_sanitizing__ls-sprintf_%s_simple_quote.php,CWE_78,backticks,no_sanitizing,ls-sprintf_%s_simple_quote,Vulnerable,8c7fef03d9a7,122
S0080,raw_sard_php/Injection/CWE_78/unsafe/CWE_78__exec__func_FILTER-CLEANING-email_filter__cat-sprintf_%s_simple_quote.php,CWE_78,exec,func_FILTER-CLEANING-email_filter,cat-sprintf_%s_simple_quote,Vulnerable,bb9bcaabf7f1,312
S0081,raw_sard_php/Injection/CWE_78/unsafe/CWE_78__exec__func_FILTER-CLEANING-special_chars_filter__cat-interpretation_simple_quote.php,CWE_78,exec,func_FILTER-CLEANING-special_chars_filter,cat-interpretation_simple_quote,Vulnerable,bd310ff81bc4,237
S0082,raw_sard_php/Injection/CWE_78/unsafe/CWE_78__fopen__func_FILTER-CLEANING-email_filter__cat-interpretation_simple_quote.php,CWE_78,fopen,func_FILTER-CLEANING-email_filter,cat-interpretation_simple_quote,Vulnerable,4598c08c69c8,382
S0083,raw_sard_php/Injection/CWE_78/unsafe/CWE_78__fopen__func_FILTER-CLEANING-full_special_chars_filter__ls-concatenation_simple_quote.php,CWE_78,fopen,func_FILTER-CLEANING-full_special_chars_filter,ls-concatenation_simple_quote,Vulnerable,a6e42b1afa3b,327
S0084,raw_sard_php/Injection/CWE_78/unsafe/CWE_78__fopen__func_FILTER-CLEANING-special_chars_filter__cat-sprintf_%s_simple_quote.php,CWE_78,fopen,func_FILTER-CLEANING-special_chars_filter,cat-sprintf_%s_simple_quote,Vulnerable,074e926a553b,329
S0085,raw_sard_php/Injection/CWE_78/unsafe/CWE_78__fopen__func_FILTER-CLEANING-special_chars_filter__ls-sprintf_%s_simple_quote.php,CWE_78,fopen,func_FILTER-CLEANING-special_chars_filter,ls-sprintf_%s_simple_quote,Vulnerable,327a7bbe2c22,328
S0086,raw_sard_php/Injection/CWE_78/unsafe/CWE_78__object-Array__func_FILTER-CLEANING-email_filter__ls-interpretation_simple_quote.php,CWE_78,object-Array,func_FILTER-CLEANING-email_filter,ls-interpretation_simple_quote,Vulnerable,98ababd8da1d,496
S0087,raw_sard_php/Injection/CWE_78/unsafe/CWE_78__object-Array__func_FILTER-CLEANING-special_chars_filter__cat-concatenation_simple_quote.php,CWE_78,object-Array,func_FILTER-CLEANING-special_chars_filter,cat-concatenation_simple_quote,Vulnerable,a1a8a3a4addd,438
S0088,raw_sard_php/Injection/CWE_78/unsafe/CWE_78__object-Array__func_FILTER-VALIDATION-email_filter__cat-interpretation_simple_quote.php,CWE_78,object-Array,func_FILTER-VALIDATION-email_filter,cat-interpretation_simple_quote,Vulnerable,198011e9ab8e,439
S0089,raw_sard_php/Injection/CWE_78/unsafe/CWE_78__object-Array__func_preg_match-no_filtering__cat-concatenation_simple_quote.php,CWE_78,object-Array,func_preg_match-no_filtering,cat-concatenation_simple_quote,Vulnerable,4bc82685fec5,446
S0090,raw_sard_php/Injection/CWE_78/unsafe/CWE_78__object-classicGet__func_FILTER-CLEANING-full_special_chars_filter__cat-interpretation_simple_quote.php,CWE_78,object-classicGet,func_FILTER-CLEANING-full_special_chars_filter,cat-interpretation_simple_quote,Vulnerable,c8d7537bd41b,357
S0091,raw_sard_php/Injection/CWE_78/unsafe/CWE_78__object-classicGet__func_FILTER-CLEANING-special_chars_filter__cat-sprintf_%s_simple_quote.php,CWE_78,object-classicGet,func_FILTER-CLEANING-special_chars_filter,cat-sprintf_%s_simple_quote,Vulnerable,ce3ac95c4d5d,363
S0092,raw_sard_php/Injection/CWE_78/unsafe/CWE_78__object-classicGet__func_FILTER-CLEANING-special_chars_filter__ls-concatenation_simple_quote.php,CWE_78,object-classicGet,func_FILTER-CLEANING-special_chars_filter,ls-concatenation_simple_quote,Vulnerable,08212f222839,356
S0093,raw_sard_php/Injection/CWE_78/unsafe/CWE_78__object-classicGet__func_FILTER-CLEANING-special_chars_filter__ls-sprintf_%s_simple_quote.php,CWE_78,object-classicGet,func_FILTER-CLEANING-special_chars_filter,ls-sprintf_%s_simple_quote,Vulnerable,54473e51c964,362
S0094,raw_sard_php/Injection/CWE_78/unsafe/CWE_78__object-classicGet__func_FILTER-VALIDATION-email_filter__cat-sprintf_%s_simple_quote.php,CWE_78,object-classicGet,func_FILTER-VALIDATION-email_filter,cat-sprintf_%s_simple_quote,Vulnerable,6d28235023ef,369
S0095,raw_sard_php/Injection/CWE_78/unsafe/CWE_78__object-classicGet__func_preg_match-no_filtering__ls-interpretation_simple_quote.php,CWE_78,object-classicGet,func_preg_match-no_filtering,ls-interpretation_simple_quote,Vulnerable,14f62b6bcf64,359
S0096,raw_sard_php/Injection/CWE_78/unsafe/CWE_78__object-classicGet__no_sanitizing__cat-concatenation_simple_quote.php,CWE_78,object-classicGet,no_sanitizing,cat-concatenation_simple_quote,Vulnerable,1d41378913e0,283
S0097,raw_sard_php/Injection/CWE_78/unsafe/CWE_78__object-classicGet__no_sanitizing__cat-interpretation_simple_quote.php,CWE_78,object-classicGet,no_sanitizing,cat-interpretation_simple_quote,Vulnerable,8d9f408789f5,278
S0098,raw_sard_php/Injection/CWE_78/unsafe/CWE_78__object-directGet__func_FILTER-CLEANING-email_filter__cat-concatenation_simple_quote.php,CWE_78,object-directGet,func_FILTER-CLEANING-email_filter,cat-concatenation_simple_quote,Vulnerable,dfcbece3c884,343
S0099,raw_sard_php/Injection/CWE_78/unsafe/CWE_78__object-directGet__func_FILTER-CLEANING-email_filter__ls-sprintf_%s_simple_quote.php,CWE_78,object-directGet,func_FILTER-CLEANING-email_filter,ls-sprintf_%s_simple_quote,Vulnerable,142592510ad2,348
S0100,raw_sard_php/Injection/CWE_78/unsafe/CWE_78__object-directGet__func_FILTER-VALIDATION-email_filter__ls-concatenation_simple_quote.php,CWE_78,object-directGet,func_FILTER-VALIDATION-email_filter,ls-concatenation_simple_quote,Vulnerable,607746ee533b,284
S0101,raw_sard_php/Injection/CWE_78/unsafe/CWE_78__object-indexArray__func_FILTER-CLEANING-email_filter__ls-concatenation_simple_quote.php,CWE_78,object-indexArray,func_FILTER-CLEANING-email_filter,ls-concatenation_simple_quote,Vulnerable,763429abb9f4,527
S0102,raw_sard_php/Injection/CWE_78/unsafe/CWE_78__object-indexArray__func_FILTER-CLEANING-full_special_chars_filter__cat-interpretation_simple_quote.php,CWE_78,object-indexArray,func_FILTER-CLEANING-full_special_chars_filter,cat-interpretation_simple_quote,Vulnerable,7764c76ba031,464
S0103,raw_sard_php/Injection/CWE_78/unsafe/CWE_78__popen__func_FILTER-CLEANING-email_filter__cat-concatenation_simple_quote.php,CWE_78,popen,func_FILTER-CLEANING-email_filter,cat-concatenation_simple_quote,Vulnerable,622746588158,321
S0104,raw_sard_php/Injection/CWE_78/unsafe/CWE_78__popen__func_FILTER-CLEANING-email_filter__cat-interpretation_simple_quote.php,CWE_78,popen,func_FILTER-CLEANING-email_filter,cat-interpretation_simple_quote,Vulnerable,22bfbe3430fe,316
S0105,raw_sard_php/Injection/CWE_78/unsafe/CWE_78__popen__func_FILTER-CLEANING-special_chars_filter__ls-concatenation_simple_quote.php,CWE_78,popen,func_FILTER-CLEANING-special_chars_filter,ls-concatenation_simple_quote,Vulnerable,5b7d2de4824e,256
S0106,raw_sard_php/Injection/CWE_78/unsafe/CWE_78__popen__func_FILTER-VALIDATION-email_filter__cat-sprintf_%s_simple_quote.php,CWE_78,popen,func_FILTER-VALIDATION-email_filter,cat-sprintf_%s_simple_quote,Vulnerable,cf716ae514b5,269
S0107,raw_sard_php/Injection/CWE_78/unsafe/CWE_78__popen__func_FILTER-VALIDATION-email_filter__ls-sprintf_%s_simple_quote.php,CWE_78,popen,func_FILTER-VALIDATION-email_filter,ls-sprintf_%s_simple_quote,Vulnerable,e385857ee7a8,268
S0108,raw_sard_php/Injection/CWE_78/unsafe/CWE_78__popen__func_preg_match-no_filtering__cat-concatenation_simple_quote.php,CWE_78,popen,func_preg_match-no_filtering,cat-concatenation_simple_quote,Vulnerable,bbcdad260d1c,265
S0109,raw_sard_php/Injection/CWE_78/unsafe/CWE_78__popen__func_preg_match-no_filtering__cat-sprintf_%s_simple_quote.php,CWE_78,popen,func_preg_match-no_filtering,cat-sprintf_%s_simple_quote,Vulnerable,5c68bbb398eb,271
S0110,raw_sard_php/Injection/CWE_78/unsafe/CWE_78__popen__func_preg_match-no_filtering__ls-sprintf_%s_simple_quote.php,CWE_78,popen,func_preg_match-no_filtering,ls-sprintf_%s_simple_quote,Vulnerable,dca3024de895,270
S0111,raw_sard_php/Injection/CWE_78/unsafe/CWE_78__proc_open__func_FILTER-CLEANING-email_filter__ls-interpretation_simple_quote.php,CWE_78,proc_open,func_FILTER-CLEANING-email_filter,ls-interpretation_simple_quote,Vulnerable,b6591afe844b,590
S0112,raw_sard_php/Injection/CWE_78/unsafe/CWE_78__proc_open__func_FILTER-CLEANING-full_special_chars_filter__cat-interpretation_simple_quote.php,CWE_78,proc_open,func_FILTER-CLEANING-full_special_chars_filter,cat-interpretation_simple_quote,Vulnerable,787b682106fa,532
S0113,raw_sard_php/Injection/CWE_78/unsafe/CWE_78__proc_open__func_FILTER-CLEANING-full_special_chars_filter__ls-sprintf_%s_simple_quote.php,CWE_78,proc_open,func_FILTER-CLEANING-full_special_chars_filter,ls-sprintf_%s_simple_quote,Vulnerable,2291e3d1789f,542
S0114,raw_sard_php/Injection/CWE_78/unsafe/CWE_78__proc_open__func_FILTER-CLEANING-special_chars_filter__cat-concatenation_simple_quote.php,CWE_78,proc_open,func_FILTER-CLEANING-special_chars_filter,cat-concatenation_simple_quote,Vulnerable,d8fee9fc2c2c,532
S0115,raw_sard_php/Injection/CWE_78/unsafe/CWE_78__proc_open__func_preg_match-no_filtering__cat-interpretation_simple_quote.php,CWE_78,proc_open,func_preg_match-no_filtering,cat-interpretation_simple_quote,Vulnerable,08ea7037ac94,535
S0116,raw_sard_php/Injection/CWE_78/unsafe/CWE_78__shell_exec__no_sanitizing__ls-concatenation_simple_quote.php,CWE_78,shell_exec,no_sanitizing,ls-concatenation_simple_quote,Vulnerable,01547d7a48c6,128
S0117,raw_sard_php/Injection/CWE_78/unsafe/CWE_78__unserialize__func_FILTER-CLEANING-full_special_chars_filter__cat-interpretation_simple_quote.php,CWE_78,unserialize,func_FILTER-CLEANING-full_special_chars_filter,cat-interpretation_simple_quote,Vulnerable,5b902bca3920,220
S0118,raw_sard_php/Injection/CWE_78/unsafe/CWE_78__unserialize__func_preg_match-no_filtering__ls-concatenation_simple_quote.php,CWE_78,unserialize,func_preg_match-no_filtering,ls-concatenation_simple_quote,Vulnerable,c73789889abe,227
S0119,raw_sard_php/Injection/CWE_78/unsafe/CWE_78__unserialize__no_sanitizing__cat-concatenation_simple_quote.php,CWE_78,unserialize,no_sanitizing,cat-concatenation_simple_quote,Vulnerable,b2bc10efafab,146
S0120,raw_sard_php/Injection/CWE_78/unsafe/CWE_78__unserialize__no_sanitizing__ls-concatenation_simple_quote.php,CWE_78,unserialize,no_sanitizing,ls-concatenation_simple_quote,Vulnerable,764f8d185394,145
S0121,raw_sard_php/Injection/CWE_89/safe/CWE_89__GET__func_intval__multiple_AS-sprintf_%u.php,CWE_89,GET,func_intval,multiple_AS-sprintf_%u,Safe,fd02238f8520,578
S0122,raw_sard_php/Injection/CWE_89/safe/CWE_89__GET__func_mysql_real_escape_string__multiple_AS-sprintf_%s_simple_quote.php,CWE_89,GET,func_mysql_real_escape_string,multiple_AS-sprintf_%s_simple_quote,Safe,048a600939d4,598
S0123,raw_sard_php/Injection/CWE_89/safe/CWE_89__GET__func_preg_replace__select_from-sprintf_%s_simple_quote.php,CWE_89,GET,func_preg_replace,select_from-sprintf_%s_simple_quote,Safe,0d759b56cc16,457
S0124,raw_sard_php/Injection/CWE_89/safe/CWE_89__POST__CAST-cast_int_sort_of2__multiple_AS-concatenation_simple_quote.php,CWE_89,POST,CAST-cast_int_sort_of2,multiple_AS-concatenation_simple_quote,Safe,34eab1a0185b,571
S0125,raw_sard_php/Injection/CWE_89/safe/CWE_89__POST__func_addslashes__join-sprintf_%s_simple_quote.php,CWE_89,POST,func_addslashes,join-sprintf_%s_simple_quote,Safe,cf3a2d59b0c9,533
S0126,raw_sard_php/Injection/CWE_89/safe/CWE_89__POST__func_preg_match-only_numbers__select_from_where-interpretation.php,CWE_89,POST,func_preg_match-only_numbers,select_from_where-interpretation,Safe,77f1f6037111,517
S0127,raw_sard_php/Injection/CWE_89/safe/CWE_89__SESSION__CAST-func_settype_float__multiple_AS-sprintf_%d.php,CWE_89,SESSION,CAST-func_settype_float,multiple_AS-sprintf_%d,Safe,26030fa42828,628
S0128,raw_sard_php/Injection/CWE_89/safe/CWE_89__SESSION__func_FILTER-CLEANING-number_float_filter__select_from_where-sprintf_%d_simple_quote.php,CWE_89,SESSION,func_FILTER-CLEANING-number_float_filter,select_from_where-sprintf_%d_simple_quote,Safe,4c4618a0674b,592
S0129,raw_sard_php/Injection/CWE_89/safe/CWE_89__SESSION__func_FILTER-VALIDATION-number_float_filter__multiple_AS-concatenation.php,CWE_89,SESSION,func_FILTER-VALIDATION-number_float_filter,multiple_AS-concatenation,Safe,e1389973a540,643
S0130,raw_sard_php/Injection/CWE_89/safe/CWE_89__SESSION__func_addslashes__join-interpretation_simple_quote.php,CWE_89,SESSION,func_addslashes,join-interpretation_simple_quote,Safe,397d3887cb18,525
S0131,raw_sard_php/Injection/CWE_89/safe/CWE_89__SESSION__func_preg_match-letters_numbers__select_from-concatenation_simple_quote.php,CWE_89,SESSION,func_preg_match-letters_numbers,select_from-concatenation_simple_quote,Safe,5e8d261d0432,516
S0132,raw_sard_php/Injection/CWE_89/safe/CWE_89__SESSION__func_preg_replace2__join-interpretation_simple_quote.php,CWE_89,SESSION,func_preg_replace2,join-interpretation_simple_quote,Safe,b0df1fb20a66,539
S0133,raw_sard_php/Injection/CWE_89/safe/CWE_89__SESSION__func_preg_replace2__join-sprintf_%s_simple_quote.php,CWE_89,SESSION,func_preg_replace2,join-sprintf_%s_simple_quote,Safe,1500b1e10890,550
S0134,raw_sard_php/Injection/CWE_89/safe/CWE_89__SESSION__object-func_mysql_real_escape_stringGetter__select_from-interpretation_simple_quote.php,CWE_89,SESSION,object-func_mysql_real_escape_stringGetter,select_from-interpretation_simple_quote,Safe,bb79ff46bb9d,727
S0135,raw_sard_php/Injection/CWE_89/safe/CWE_89__array-GET__CAST-func_settype_int__multiple_AS-sprintf_%u_simple_quote.php,CWE_89,array-GET,CAST-func_settype_int,multiple_AS-sprintf_%u_simple_quote,Safe,6c1f9a55d9d5,709
S0136,raw_sard_php/Injection/CWE_89/safe/CWE_89__array-GET__func_mysql_real_escape_string__multiple_AS-concatenation_simple_quote.php,CWE_89,array-GET,func_mysql_real_escape_string,multiple_AS-concatenation_simple_quote,Safe,568f09f6f26a,674
S0137,raw_sard_php/Injection/CWE_89/safe/CWE_89__array-GET__func_preg_match-only_letters__join-concatenation_simple_quote.php,CWE_89,array-GET,func_preg_match-only_letters,join-concatenation_simple_quote,Safe,bf74436ae2ca,680
S0138,raw_sard_php/Injection/CWE_89/safe/CWE_89__array-GET__ternary_white_list__multiple_AS-sprintf_%u.php,CWE_89,array-GET,ternary_white_list,multiple_AS-sprintf_%u,Safe,ef915843352d,683
S0139,raw_sard_php/Injection/CWE_89/safe/CWE_89__exec__CAST-cast_float_sort_of__select_from_where-sprintf_%d_simple_quote.php,CWE_89,exec,CAST-cast_float_sort_of,select_from_where-sprintf_%d_simple_quote,Safe,d50af49c04fd,501
S0140,raw_sard_php/Injection/CWE_89/safe/CWE_89__exec__CAST-func_settype_float__multiple_select-sprintf_%u_simple_quote.php,CWE_89,exec,CAST-func_settype_float,multiple_select-sprintf_%u_simple_quote,Safe,217f23643fa2,616
S0141,raw_sard_php/Injection/CWE_89/safe/CWE_89__exec__object-func_mysql_real_escape_stringGetter__join-concatenation_simple_quote.php,CWE_89,exec,object-func_mysql_real_escape_stringGetter,join-concatenation_simple_quote,Safe,9e29fd5a5ebc,873
S0142,raw_sard_php/Injection/CWE_89/safe/CWE_89__fopen__CAST-cast_float__multiple_AS-concatenation.php,CWE_89,fopen,CAST-cast_float,multiple_AS-concatenation,Safe,c58b6d4bc581,710
S0143,raw_sard_php/Injection/CWE_89/safe/CWE_89__fopen__func_FILTER-VALIDATION-number_int_filter__select_from_where-sprintf_%d_simple_quote.php,CWE_89,fopen,func_FILTER-VALIDATION-number_int_filter,select_from_where-sprintf_%d_simple_quote,Safe,babcae038357,658
S0144,raw_sard_php/Injection/CWE_89/safe/CWE_89__fopen__func_preg_match-only_letters__join-concatenation_simple_quote.php,CWE_89,fopen,func_preg_match-only_letters,join-concatenation_simple_quote,Safe,928c6e8c1d75,735
S0145,raw_sard_php/Injection/CWE_89/safe/CWE_89__fopen__ternary_white_list__join-sprintf_%s_simple_quote.php,CWE_89,fopen,ternary_white_list,join-sprintf_%s_simple_quote,Safe,83499a47d1e2,688
S0146,raw_sard_php/Injection/CWE_89/safe/CWE_89__fopen__whitelist_using_array_from__select_from-concatenation_simple_quote.php,CWE_89,fopen,whitelist_using_array_from,select_from-concatenation_simple_quote,Safe,f3dfe060020a,692
S0147,raw_sard_php/Injection/CWE_89/safe/CWE_89__object-Array__no_sanitizing__multiple_select-sprintf_%u.php,CWE_89,object-Array,no_sanitizing,multiple_select-sprintf_%u,Safe,d5962d10daac,751
S0148,raw_sard_php/Injection/CWE_89/safe/CWE_89__object-Array__whitelist_using_array_from__select_from-sprintf_%s_simple_quote.php,CWE_89,object-Array,whitelist_using_array_from,select_from-sprintf_%s_simple_quote,Safe,d9cb395ec5c5,813
S0149,raw_sard_php/Injection/CWE_89/safe/CWE_89__object-classicGet__func_FILTER-CLEANING-magic_quotes_filter__select_from-sprintf_%s_simple_quote.php,CWE_89,object-classicGet,func_FILTER-CLEANING-magic_quotes_filter,select_from-sprintf_%s_simple_quote,Safe,2e39ec6b74e1,670
S0150,raw_sard_php/Injection/CWE_89/safe/CWE_89__object-classicGet__func_htmlentities__join-interpretation_simple_quote.php,CWE_89,object-classicGet,func_htmlentities,join-interpretation_simple_quote,Safe,da290c79ecab,706
S0151,raw_sard_php/Injection/CWE_89/safe/CWE_89__object-directGet__CAST-func_settype_int__select_from_where-concatenation_simple_quote.php,CWE_89,object-directGet,CAST-func_settype_int,select_from_where-concatenation_simple_quote,Safe,a9b234c07738,590
S0152,raw_sard_php/Injection/CWE_89/safe/CWE_89__object-directGet__func_FILTER-CLEANING-magic_quotes_filter__join-sprintf_%s_simple_quote.php,CWE_89,object-directGet,func_FILTER-CLEANING-magic_quotes_filter,join-sprintf_%s_simple_quote,Safe,93c71dafb930,681
S0153,raw_sard_php/Injection/CWE_89/safe/CWE_89__object-directGet__whitelist_using_array__select_from_where-sprintf_%s_simple_quote.php,CWE_89,object-directGet,whitelist_using_array,select_from_where-sprintf_%s_simple_quote,Safe,f0c4719ff70a,666
S0154,raw_sard_php/Injection/CWE_89/safe/CWE_89__object-indexArray__CAST-cast_int__multiple_select-sprintf_%u.php,CWE_89,object-indexArray,CAST-cast_int,multiple_select-sprintf_%u,Safe,9eba3f71897e,789
S0155,raw_sard_php/Injection/CWE_89/safe/CWE_89__object-indexArray__CAST-cast_int_sort_of__select_from_where-sprintf_%s_simple_quote.php,CWE_89,object-indexArray,CAST-cast_int_sort_of,select_from_where-sprintf_%s_simple_quote,Safe,bd599a6ce7c1,721
S0156,raw_sard_php/Injection/CWE_89/safe/CWE_89__object-indexArray__func_floatval__multiple_AS-interpretation_simple_quote.php,CWE_89,object-indexArray,func_floatval,multiple_AS-interpretation_simple_quote,Safe,ccebcb58a32c,849
S0157,raw_sard_php/Injection/CWE_89/safe/CWE_89__object-indexArray__func_htmlentities__join-interpretation_simple_quote.php,CWE_89,object-indexArray,func_htmlentities,join-interpretation_simple_quote,Safe,17b6270cdb53,813
S0158,raw_sard_php/Injection/CWE_89/safe/CWE_89__object-indexArray__func_preg_match-only_numbers__multiple_AS-concatenation.php,CWE_89,object-indexArray,func_preg_match-only_numbers,multiple_AS-concatenation,Safe,123c7b65f8c0,923
S0159,raw_sard_php/Injection/CWE_89/safe/CWE_89__object-indexArray__object-func_mysql_real_escape_string__select_from-interpretation_simple_quote.php,CWE_89,object-indexArray,object-func_mysql_real_escape_string,select_from-interpretation_simple_quote,Safe,ef1a69cbe937,834
S0160,raw_sard_php/Injection/CWE_89/safe/CWE_89__popen__func_FILTER-CLEANING-number_int_filter__multiple_AS-sprintf_%d.php,CWE_89,popen,func_FILTER-CLEANING-number_int_filter,multiple_AS-sprintf_%d,Safe,75cee73e564d,777
S0161,raw_sard_php/Injection/CWE_89/safe/CWE_89__popen__func_FILTER-CLEANING-number_int_filter__select_from_where-interpretation.php,CWE_89,popen,func_FILTER-CLEANING-number_int_filter,select_from_where-interpretation,Safe,e7e733d185eb,642
S0162,raw_sard_php/Injection/CWE_89/safe/CWE_89__popen__func_htmlspecialchars__join-concatenation_simple_quote.php,CWE_89,popen,func_htmlspecialchars,join-concatenation_simple_quote,Safe,96f5d28be2d7,615
S0163,raw_sard_php/Injection/CWE_89/safe/CWE_89__popen__func_preg_match-letters_numbers__join-concatenation_simple_quote.php,CWE_89,popen,func_preg_match-letters_numbers,join-concatenation_simple_quote,Safe,0bb2ffd25935,672
S0164,raw_sard_php/Injection/CWE_89/safe/CWE_89__popen__no_sanitizing__multiple_AS-sprintf_%u_simple_quote.php,CWE_89,popen,no_sanitizing,multiple_AS-sprintf_%u_simple_quote,Safe,2d1568321632,638
S0165,raw_sard_php/Injection/CWE_89/safe/CWE_89__popen__whitelist_using_array__multiple_select-sprintf_%d_simple_quote.php,CWE_89,popen,whitelist_using_array,multiple_select-sprintf_%d_simple_quote,Safe,f7e4de6ceb3c,702
S0166,raw_sard_php/Injection/CWE_89/safe/CWE_89__proc_open__CAST-cast_int_sort_of__multiple_AS-sprintf_%s_simple_quote.php,CWE_89,proc_open,CAST-cast_int_sort_of,multiple_AS-sprintf_%s_simple_quote,Safe,c62934026f2a,913
S0167,raw_sard_php/Injection/CWE_89/safe/CWE_89__proc_open__func_floatval__multiple_AS-sprintf_%d.php,CWE_89,proc_open,func_floatval,multiple_AS-sprintf_%d,Safe,b0078be49805,926
S0168,raw_sard_php/Injection/CWE_89/safe/CWE_89__proc_open__func_preg_replace__select_from-concatenation_simple_quote.php,CWE_89,proc_open,func_preg_replace,select_from-concatenation_simple_quote,Safe,191775868df9,797
S0169,raw_sard_php/Injection/CWE_89/safe/CWE_89__shell_exec__CAST-func_settype_float__multiple_select-sprintf_%u_simple_quote.php,CWE_89,shell_exec,CAST-func_settype_float,multiple_select-sprintf_%u_simple_quote,Safe,74489ee0a408,577
S0170,raw_sard_php/Injection/CWE_89/safe/CWE_89__shell_exec__func_floatval__select_from_where-concatenation_simple_quote.php,CWE_89,shell_exec,func_floatval,select_from_where-concatenation_simple_quote,Safe,91193c62db2b,469
S0171,raw_sard_php/Injection/CWE_89/safe/CWE_89__shell_exec__func_htmlspecialchars__select_from-interpretation_simple_quote.php,CWE_89,shell_exec,func_htmlspecialchars,select_from-interpretation_simple_quote,Safe,bb9b8a80824a,467
S0172,raw_sard_php/Injection/CWE_89/safe/CWE_89__shell_exec__object-func_mysql_real_escape_string__join-interpretation_simple_quote.php,CWE_89,shell_exec,object-func_mysql_real_escape_string,join-interpretation_simple_quote,Safe,f0bf500aa93d,662
S0173,raw_sard_php/Injection/CWE_89/safe/CWE_89__system__CAST-cast_float__multiple_AS-concatenation_simple_quote.php,CWE_89,system,CAST-cast_float,multiple_AS-concatenation_simple_quote,Safe,ae15f855a2bf,579
S0174,raw_sard_php/Injection/CWE_89/safe/CWE_89__system__CAST-cast_float_sort_of__multiple_AS-concatenation.php,CWE_89,system,CAST-cast_float_sort_of,multiple_AS-concatenation,Safe,91a03dab81a0,565
S0175,raw_sard_php/Injection/CWE_89/safe/CWE_89__system__CAST-cast_int__multiple_AS-interpretation.php,CWE_89,system,CAST-cast_int,multiple_AS-interpretation,Safe,19caca850d40,570
S0176,raw_sard_php/Injection/CWE_89/safe/CWE_89__system__func_FILTER-CLEANING-number_float_filter__select_from_where-sprintf_%s_simple_quote.php,CWE_89,system,func_FILTER-CLEANING-number_float_filter,select_from_where-sprintf_%s_simple_quote,Safe,886d7ea859be,592
S0177,raw_sard_php/Injection/CWE_89/safe/CWE_89__unserialize__CAST-cast_int_sort_of2__select_from_where-interpretation_simple_quote.php,CWE_89,unserialize,CAST-cast_int_sort_of2,select_from_where-interpretation_simple_quote,Safe,54cf602e9568,475
S0178,raw_sard_php/Injection/CWE_89/safe/CWE_89__unserialize__func_FILTER-VALIDATION-number_float_filter__select_from_where-interpretation.php,CWE_89,unserialize,func_FILTER-VALIDATION-number_float_filter,select_from_where-interpretation,Safe,e58105fa4cea,544
S0179,raw_sard_php/Injection/CWE_89/safe/CWE_89__unserialize__func_FILTER-VALIDATION-number_int_filter__multiple_AS-sprintf_%u.php,CWE_89,unserialize,func_FILTER-VALIDATION-number_int_filter,multiple_AS-sprintf_%u,Safe,83316d966c06,677
S0180,raw_sard_php/Injection/CWE_89/safe/CWE_89__unserialize__func_intval__select_from_where-interpretation.php,CWE_89,unserialize,func_intval,select_from_where-interpretation,Safe,246f08118193,477
S0181,raw_sard_php/Injection/CWE_89/unsafe/CWE_89__GET__func_FILTER-CLEANING-email_filter__join-concatenation_simple_quote.php,CWE_89,GET,func_FILTER-CLEANING-email_filter,join-concatenation_simple_quote,Vulnerable,59614064352c,654
S0182,raw_sard_php/Injection/CWE_89/unsafe/CWE_89__GET__no_sanitizing__join-concatenation_simple_quote.php,CWE_89,GET,no_sanitizing,join-concatenation_simple_quote,Vulnerable,38170352cc2b,516
S0183,raw_sard_php/Injection/CWE_89/unsafe/CWE_89__GET__no_sanitizing__multiple_AS-concatenation.php,CWE_89,GET,no_sanitizing,multiple_AS-concatenation,Vulnerable,c929b9d80c62,566
S0184,raw_sard_php/Injection/CWE_89/unsafe/CWE_89__GET__no_sanitizing__select_from_where-interpretation.php,CWE_89,GET,no_sanitizing,select_from_where-interpretation,Vulnerable,a4a7659e04a2,437
S0185,raw_sard_php/Injection/CWE_89/unsafe/CWE_89__POST__func_FILTER-CLEANING-full_special_chars_filter__select_from-sprintf_%s_simple_quote.php,CWE_89,POST,func_FILTER-CLEANING-full_special_chars_filter,select_from-sprintf_%s_simple_quote,Vulnerable,5903b7e8cbaa,513
S0186,raw_sard_php/Injection/CWE_89/unsafe/CWE_89__SESSION__func_FILTER-CLEANING-email_filter__join-sprintf_%s_simple_quote.php,CWE_89,SESSION,func_FILTER-CLEANING-email_filter,join-sprintf_%s_simple_quote,Vulnerable,f325946f5ce1,664
S0187,raw_sard_php/Injection/CWE_89/unsafe/CWE_89__SESSION__func_FILTER-CLEANING-full_special_chars_filter__select_from-concatenation_simple_quote.php,CWE_89,SESSION,func_FILTER-CLEANING-full_special_chars_filter,select_from-concatenation_simple_quote,Vulnerable,36614f61dc60,510
S0188,raw_sard_php/Injection/CWE_89/unsafe/CWE_89__SESSION__func_FILTER-VALIDATION-email_filter__join-sprintf_%s_simple_quote.php,CWE_89,SESSION,func_FILTER-VALIDATION-email_filter,join-sprintf_%s_simple_quote,Vulnerable,149f514e8ed4,606
S0189,raw_sard_php/Injection/CWE_89/unsafe/CWE_89__SESSION__func_preg_match-no_filtering__join-concatenation_simple_quote.php,CWE_89,SESSION,func_preg_match-no_filtering,join-concatenation_simple_quote,Vulnerable,5b752228ae7f,602
S0190,raw_sard_php/Injection/CWE_89/unsafe/CWE_89__SESSION__func_preg_match-no_filtering__select_from-concatenation_simple_quote.php,CWE_89,SESSION,func_preg_match-no_filtering,select_from-concatenation_simple_quote,Vulnerable,9685d798e949,513
S0191,raw_sard_php/Injection/CWE_89/unsafe/CWE_89__SESSION__no_sanitizing__select_from_where-interpretation_simple_quote.php,CWE_89,SESSION,no_sanitizing,select_from_where-interpretation_simple_quote,Vulnerable,4549eadb158a,443
S0192,raw_sard_php/Injection/CWE_89/unsafe/CWE_89__array-GET__func_FILTER-CLEANING-email_filter__join-sprintf_%s_simple_quote.php,CWE_89,array-GET,func_FILTER-CLEANING-email_filter,join-sprintf_%s_simple_quote,Vulnerable,90c2f58515c5,742
S0193,raw_sard_php/Injection/CWE_89/unsafe/CWE_89__array-GET__func_FILTER-CLEANING-email_filter__select_from-concatenation_simple_quote.php,CWE_89,array-GET,func_FILTER-CLEANING-email_filter,select_from-concatenation_simple_quote,Vulnerable,780255524612,647
S0194,raw_sard_php/Injection/CWE_89/unsafe/CWE_89__array-GET__func_FILTER-CLEANING-full_special_chars_filter__select_from-sprintf_%s_simple_quote.php,CWE_89,array-GET,func_FILTER-CLEANING-full_special_chars_filter,select_from-sprintf_%s_simple_quote,Vulnerable,ea77b66f3084,594
S0195,raw_sard_php/Injection/CWE_89/unsafe/CWE_89__array-GET__func_FILTER-VALIDATION-email_filter__select_from-sprintf_%s_simple_quote.php,CWE_89,array-GET,func_FILTER-VALIDATION-email_filter,select_from-sprintf_%s_simple_quote,Vulnerable,ccf19e75fb18,595
S0196,raw_sard_php/Injection/CWE_89/unsafe/CWE_89__backticks__func_FILTER-CLEANING-email_filter__join-concatenation_simple_quote.php,CWE_89,backticks,func_FILTER-CLEANING-email_filter,join-concatenation_simple_quote,Vulnerable,d77aeca20d04,659
S0197,raw_sard_php/Injection/CWE_89/unsafe/CWE_89__backticks__func_FILTER-CLEANING-email_filter__select_from-sprintf_%s_simple_quote.php,CWE_89,backticks,func_FILTER-CLEANING-email_filter,select_from-sprintf_%s_simple_quote,Vulnerable,8c50680200f5,576
S0198,raw_sard_php/Injection/CWE_89/unsafe/CWE_89__backticks__func_mysql_real_escape_string__multiple_select-concatenation.php,CWE_89,backticks,func_mysql_real_escape_string,multiple_select-concatenation,Vulnerable,b975f2cbc021,536
S0199,raw_sard_php/Injection/CWE_89/unsafe/CWE_89__exec__func_FILTER-CLEANING-special_chars_filter__join-sprintf_%s_simple_quote.php,CWE_89,exec,func_FILTER-CLEANING-special_chars_filter,join-sprintf_%s_simple_quote,Vulnerable,fdd6094e788c,652
S0200,raw_sard_php/Injection/CWE_89/unsafe/CWE_89__fopen__func_FILTER-CLEANING-full_special_chars_filter__join-interpretation_simple_quote.php,CWE_89,fopen,func_FILTER-CLEANING-full_special_chars_filter,join-interpretation_simple_quote,Vulnerable,f07174a9f5e0,727
S0201,raw_sard_php/Injection/CWE_89/unsafe/CWE_89__fopen__func_FILTER-CLEANING-special_chars_filter__select_from-interpretation_simple_quote.php,CWE_89,fopen,func_FILTER-CLEANING-special_chars_filter,select_from-interpretation_simple_quote,Vulnerable,1542c86d9920,633
S0202,raw_sard_php/Injection/CWE_89/unsafe/CWE_89__fopen__func_mysql_real_escape_string__multiple_select-concatenation.php,CWE_89,fopen,func_mysql_real_escape_string,multiple_select-concatenation,Vulnerable,337d0d165b6a,668
S0203,raw_sard_php/Injection/CWE_89/unsafe/CWE_89__fopen__func_preg_match-no_filtering__select_from-interpretation_simple_quote.php,CWE_89,fopen,func_preg_match-no_filtering,select_from-interpretation_simple_quote,Vulnerable,096bd08d4993,641
S0204,raw_sard_php/Injection/CWE_89/unsafe/CWE_89__object-Array__func_FILTER-CLEANING-email_filter__join-interpretation_simple_quote.php,CWE_89,object-Array,func_FILTER-CLEANING-email_filter,join-interpretation_simple_quote,Vulnerable,288b12a076a6,901
S0205,raw_sard_php/Injection/CWE_89/unsafe/CWE_89__object-Array__func_FILTER-CLEANING-special_chars_filter__join-interpretation_simple_quote.php,CWE_89,object-Array,func_FILTER-CLEANING-special_chars_filter,join-interpretation_simple_quote,Vulnerable,b06bbcd14ef7,837
S0206,raw_sard_php/Injection/CWE_89/unsafe/CWE_89__object-Array__func_FILTER-CLEANING-special_chars_filter__join-sprintf_%s_simple_quote.php,CWE_89,object-Array,func_FILTER-CLEANING-special_chars_filter,join-sprintf_%s_simple_quote,Vulnerable,3652ca3ce54c,848
S0207,raw_sard_php/Injection/CWE_89/unsafe/CWE_89__object-Array__func_FILTER-VALIDATION-email_filter__join-concatenation_simple_quote.php,CWE_89,object-Array,func_FILTER-VALIDATION-email_filter,join-concatenation_simple_quote,Vulnerable,5e74de12ec2d,848
S0208,raw_sard_php/Injection/CWE_89/unsafe/CWE_89__object-Array__func_mysql_real_escape_string__multiple_AS-concatenation.php,CWE_89,object-Array,func_mysql_real_escape_string,multiple_AS-concatenation,Vulnerable,09fd61156f25,849
S0209,raw_sard_php/Injection/CWE_89/unsafe/CWE_89__object-Array__no_sanitizing__multiple_AS-concatenation_simple_quote.php,CWE_89,object-Array,no_sanitizing,multiple_AS-concatenation_simple_quote,Vulnerable,90fb0482257e,820
S0210,raw_sard_php/Injection/CWE_89/unsafe/CWE_89__object-classicGet__func_FILTER-CLEANING-email_filter__join-concatenation_simple_quote.php,CWE_89,object-classicGet,func_FILTER-CLEANING-email_filter,join-concatenation_simple_quote,Vulnerable,e50cc190de2c,825
S0211,raw_sard_php/Injection/CWE_89/unsafe/CWE_89__object-classicGet__func_FILTER-VALIDATION-email_filter__join-sprintf_%s_simple_quote.php,CWE_89,object-classicGet,func_FILTER-VALIDATION-email_filter,join-sprintf_%s_simple_quote,Vulnerable,f0a15105337d,773
S0212,raw_sard_php/Injection/CWE_89/unsafe/CWE_89__object-classicGet__func_mysql_real_escape_string__multiple_AS-concatenation.php,CWE_89,object-classicGet,func_mysql_real_escape_string,multiple_AS-concatenation,Vulnerable,d1ff7e6b1da2,768
S0213,raw_sard_php/Injection/CWE_89/unsafe/CWE_89__object-classicGet__func_mysql_real_escape_string__multiple_select-interpretation.php,CWE_89,object-classicGet,func_mysql_real_escape_string,multiple_select-interpretation,Vulnerable,a1f10ce56128,697
S0214,raw_sard_php/Injection/CWE_89/unsafe/CWE_89__object-classicGet__func_preg_match-no_filtering__join-concatenation_simple_quote.php,CWE_89,object-classicGet,func_preg_match-no_filtering,join-concatenation_simple_quote,Vulnerable,b155b73a7a7e,769
S0215,raw_sard_php/Injection/CWE_89/unsafe/CWE_89__object-directGet__func_FILTER-CLEANING-full_special_chars_filter__select_from-sprintf_%s_simple_quote.php,CWE_89,object-directGet,func_FILTER-CLEANING-full_special_chars_filter,select_from-sprintf_%s_simple_quote,Vulnerable,aed0c84a3a39,605
S0216,raw_sard_php/Injection/CWE_89/unsafe/CWE_89__object-directGet__func_FILTER-VALIDATION-email_filter__select_from-sprintf_%s_simple_quote.php,CWE_89,object-directGet,func_FILTER-VALIDATION-email_filter,select_from-sprintf_%s_simple_quote,Vulnerable,022a32df9c05,606
S0217,raw_sard_php/Injection/CWE_89/unsafe/CWE_89__object-directGet__func_preg_match-no_filtering__select_from-sprintf_%s_simple_quote.php,CWE_89,object-directGet,func_preg_match-no_filtering,select_from-sprintf_%s_simple_quote,Vulnerable,218855b6f437,608
S0218,raw_sard_php/Injection/CWE_89/unsafe/CWE_89__object-indexArray__func_mysql_real_escape_string__multiple_AS-interpretation.php,CWE_89,object-indexArray,func_mysql_real_escape_string,multiple_AS-interpretation,Vulnerable,ff922ff41a36,870
S0219,raw_sard_php/Injection/CWE_89/unsafe/CWE_89__object-indexArray__func_mysql_real_escape_string__multiple_select-concatenation.php,CWE_89,object-indexArray,func_mysql_real_escape_string,multiple_select-concatenation,Vulnerable,da981d8ced8c,809
S0220,raw_sard_php/Injection/CWE_89/unsafe/CWE_89__object-indexArray__func_preg_match-no_filtering__select_from-sprintf_%s_simple_quote.php,CWE_89,object-indexArray,func_preg_match-no_filtering,select_from-sprintf_%s_simple_quote,Vulnerable,a943fa1b068f,793
S0221,raw_sard_php/Injection/CWE_89/unsafe/CWE_89__popen__func_FILTER-CLEANING-full_special_chars_filter__join-concatenation_simple_quote.php,CWE_89,popen,func_FILTER-CLEANING-full_special_chars_filter,join-concatenation_simple_quote,Vulnerable,965339fbedb9,666
S0222,raw_sard_php/Injection/CWE_89/unsafe/CWE_89__popen__func_FILTER-CLEANING-full_special_chars_filter__join-interpretation_simple_quote.php,CWE_89,popen,func_FILTER-CLEANING-full_special_chars_filter,join-interpretation_simple_quote,Vulnerable,ddc7fa5f033e,661
S0223,raw_sard_php/Injection/CWE_89/unsafe/CWE_89__popen__func_FILTER-CLEANING-special_chars_filter__select_from-interpretation_simple_quote.php,CWE_89,popen,func_FILTER-CLEANING-special_chars_filter,select_from-interpretation_simple_quote,Vulnerable,28507220d3b4,567
S0224,raw_sard_php/Injection/CWE_89/unsafe/CWE_89__popen__func_FILTER-VALIDATION-email_filter__join-interpretation_simple_quote.php,CWE_89,popen,func_FILTER-VALIDATION-email_filter,join-interpretation_simple_quote,Vulnerable,ba080ee8a241,662
S0225,raw_sard_php/Injection/CWE_89/unsafe/CWE_89__popen__func_FILTER-VALIDATION-email_filter__select_from-sprintf_%s_simple_quote.php,CWE_89,popen,func_FILTER-VALIDATION-email_filter,select_from-sprintf_%s_simple_quote,Vulnerable,fa54fac1d444,584
S0226,raw_sard_php/Injection/CWE_89/unsafe/CWE_89__popen__func_preg_match-no_filtering__join-sprintf_%s_simple_quote.php,CWE_89,popen,func_preg_match-no_filtering,join-sprintf_%s_simple_quote,Vulnerable,acb54d31cbdc,675
S0227,raw_sard_php/Injection/CWE_89/unsafe/CWE_89__popen__no_sanitizing__multiple_select-concatenation.php,CWE_89,popen,no_sanitizing,multiple_select-concatenation,Vulnerable,b78303835a2c,571
S0228,raw_sard_php/Injection/CWE_89/unsafe/CWE_89__popen__no_sanitizing__multiple_select-interpretation.php,CWE_89,popen,no_sanitizing,multiple_select-interpretation,Vulnerable,4e40d2e15c37,566
S0229,raw_sard_php/Injection/CWE_89/unsafe/CWE_89__proc_open__func_FILTER-CLEANING-special_chars_filter__select_from-concatenation_simple_quote.php,CWE_89,proc_open,func_FILTER-CLEANING-special_chars_filter,select_from-concatenation_simple_quote,Vulnerable,206205bd2622,847
S0230,raw_sard_php/Injection/CWE_89/unsafe/CWE_89__proc_open__func_preg_match-no_filtering__select_from-interpretation_simple_quote.php,CWE_89,proc_open,func_preg_match-no_filtering,select_from-interpretation_simple_quote,Vulnerable,25a915592e29,850
S0231,raw_sard_php/Injection/CWE_89/unsafe/CWE_89__shell_exec__func_FILTER-CLEANING-full_special_chars_filter__join-sprintf_%s_simple_quote.php,CWE_89,shell_exec,func_FILTER-CLEANING-full_special_chars_filter,join-sprintf_%s_simple_quote,Vulnerable,48b6215b9da5,618
S0232,raw_sard_php/Injection/CWE_89/unsafe/CWE_89__shell_exec__func_FILTER-CLEANING-special_chars_filter__join-concatenation_simple_quote.php,CWE_89,shell_exec,func_FILTER-CLEANING-special_chars_filter,join-concatenation_simple_quote,Vulnerable,0f73cca99d80,607
S0233,raw_sard_php/Injection/CWE_89/unsafe/CWE_89__shell_exec__func_FILTER-CLEANING-special_chars_filter__select_from-interpretation_simple_quote.php,CWE_89,shell_exec,func_FILTER-CLEANING-special_chars_filter,select_from-interpretation_simple_quote,Vulnerable,37c975ceafde,513
S0234,raw_sard_php/Injection/CWE_89/unsafe/CWE_89__shell_exec__func_mysql_real_escape_string__multiple_AS-interpretation.php,CWE_89,shell_exec,func_mysql_real_escape_string,multiple_AS-interpretation,Vulnerable,0862c19f4e4f,609
S0235,raw_sard_php/Injection/CWE_89/unsafe/CWE_89__shell_exec__func_mysql_real_escape_string__select_from_where-concatenation.php,CWE_89,shell_exec,func_mysql_real_escape_string,select_from_where-concatenation,Vulnerable,8c7d73ac8a58,490
S0236,raw_sard_php/Injection/CWE_89/unsafe/CWE_89__system__no_sanitizing__multiple_select-interpretation.php,CWE_89,system,no_sanitizing,multiple_select-interpretation,Vulnerable,ad7eb2080761,499
S0237,raw_sard_php/Injection/CWE_89/unsafe/CWE_89__unserialize__func_FILTER-CLEANING-email_filter__select_from-sprintf_%s_simple_quote.php,CWE_89,unserialize,func_FILTER-CLEANING-email_filter,select_from-sprintf_%s_simple_quote,Vulnerable,35af2924baf6,605
S0238,raw_sard_php/Injection/CWE_89/unsafe/CWE_89__unserialize__func_FILTER-VALIDATION-email_filter__join-sprintf_%s_simple_quote.php,CWE_89,unserialize,func_FILTER-VALIDATION-email_filter,join-sprintf_%s_simple_quote,Vulnerable,5d1fa1447cb1,636
S0239,raw_sard_php/Injection/CWE_89/unsafe/CWE_89__unserialize__func_mysql_real_escape_string__multiple_AS-interpretation.php,CWE_89,unserialize,func_mysql_real_escape_string,multiple_AS-interpretation,Vulnerable,697e20cc492b,626
S0240,raw_sard_php/Injection/CWE_89/unsafe/CWE_89__unserialize__no_sanitizing__select_from_where-concatenation_simple_quote.php,CWE_89,unserialize,no_sanitizing,select_from_where-concatenation_simple_quote,Vulnerable,936a8770cef9,478
S0241,raw_sard_php/Injection/CWE_98/safe/CWE_98__GET__CAST-cast_float__include_file_id-concatenation_simple_quote.php,CWE_98,GET,CAST-cast_float,include_file_id-concatenation_simple_quote,Safe,a8ca1a4ab1f5,109
S0242,raw_sard_php/Injection/CWE_98/safe/CWE_98__GET__func_addslashes__require_file_name-concatenation_simple_quote.php,CWE_98,GET,func_addslashes,require_file_name-concatenation_simple_quote,Safe,fa7c11553bcb,106
S0243,raw_sard_php/Injection/CWE_98/safe/CWE_98__GET__func_preg_match-letters_numbers__include_file_name-concatenation_simple_quote.php,CWE_98,GET,func_preg_match-letters_numbers,include_file_name-concatenation_simple_quote,Safe,ead86a6e68c1,181
S0244,raw_sard_php/Injection/CWE_98/safe/CWE_98__GET__func_preg_match-only_letters__require_file_name-sprintf_%s_simple_quote.php,CWE_98,GET,func_preg_match-only_letters,require_file_name-sprintf_%s_simple_quote,Safe,2635968cb84e,184
S0245,raw_sard_php/Injection/CWE_98/safe/CWE_98__GET__whitelist_using_array__require_file_id-concatenation_simple_quote.php,CWE_98,GET,whitelist_using_array,require_file_id-concatenation_simple_quote,Safe,244a0d3e67e5,225
S0246,raw_sard_php/Injection/CWE_98/safe/CWE_98__POST__CAST-cast_int_sort_of__include_file_id-sprintf_%d_simple_quote.php,CWE_98,POST,CAST-cast_int_sort_of,include_file_id-sprintf_%d_simple_quote,Safe,b1a299436573,102
S0247,raw_sard_php/Injection/CWE_98/safe/CWE_98__POST__func_FILTER-CLEANING-number_float_filter__include_file_id-sprintf_%d_simple_quote.php,CWE_98,POST,func_FILTER-CLEANING-number_float_filter,include_file_id-sprintf_%d_simple_quote,Safe,bb296db69ffd,247
S0248,raw_sard_php/Injection/CWE_98/safe/CWE_98__POST__func_FILTER-CLEANING-number_float_filter__require_file_id-concatenation_simple_quote.php,CWE_98,POST,func_FILTER-CLEANING-number_float_filter,require_file_id-concatenation_simple_quote,Safe,967eecb6fcd0,241
S0249,raw_sard_php/Injection/CWE_98/safe/CWE_98__POST__ternary_white_list__require_file_name-sprintf_%s_simple_quote.php,CWE_98,POST,ternary_white_list,require_file_name-sprintf_%s_simple_quote,Safe,487e1b85c921,132
S0250,raw_sard_php/Injection/CWE_98/safe/CWE_98__SESSION__func_FILTER-CLEANING-number_int_filter__require_file_id-sprintf_%d_simple_quote.php,CWE_98,SESSION,func_FILTER-CLEANING-number_int_filter,require_file_id-sprintf_%d_simple_quote,Safe,3026d021e022,246
S0251,raw_sard_php/Injection/CWE_98/safe/CWE_98__SESSION__func_htmlentities__include_file_name-sprintf_%s_simple_quote.php,CWE_98,SESSION,func_htmlentities,include_file_name-sprintf_%s_simple_quote,Safe,0c191e2502b3,130
S0252,raw_sard_php/Injection/CWE_98/safe/CWE_98__SESSION__func_htmlspecialchars__require_file_name-concatenation_simple_quote.php,CWE_98,SESSION,func_htmlspecialchars,require_file_name-concatenation_simple_quote,Safe,8a818531f339,128
S0253,raw_sard_php/Injection/CWE_98/safe/CWE_98__SESSION__func_intval__include_file_id-concatenation_simple_quote.php,CWE_98,SESSION,func_intval,include_file_id-concatenation_simple_quote,Safe,52f3b7548acd,112
S0254,raw_sard_php/Injection/CWE_98/safe/CWE_98__SESSION__func_preg_replace2__require_file_name-interpretation_simple_quote.php,CWE_98,SESSION,func_preg_replace2,require_file_name-interpretation_simple_quote,Safe,8cd204f28da0,117
S0255,raw_sard_php/Injection/CWE_98/safe/CWE_98__array-GET__func_FILTER-CLEANING-magic_quotes_filter__require_file_name-sprintf_%s_simple_quote.php,CWE_98,array-GET,func_FILTER-CLEANING-magic_quotes_filter,require_file_name-sprintf_%s_simple_quote,Safe,a44c7348739f,250
S0256,raw_sard_php/Injection/CWE_98/safe/CWE_98__array-GET__func_FILTER-CLEANING-number_int_filter__require_file_id-concatenation_simple_quote.php,CWE_98,array-GET,func_FILTER-CLEANING-number_int_filter,require_file_id-concatenation_simple_quote,Safe,68424297c8d1,318
S0257,raw_sard_php/Injection/CWE_98/safe/CWE_98__array-GET__func_addslashes__include_file_name-sprintf_%s_simple_quote.php,CWE_98,array-GET,func_addslashes,include_file_name-sprintf_%s_simple_quote,Safe,08b0a2f80bef,194
S0258,raw_sard_php/Injection/CWE_98/safe/CWE_98__array-GET__func_preg_replace__include_file_name-interpretation_simple_quote.php,CWE_98,array-GET,func_preg_replace,include_file_name-interpretation_simple_quote,Safe,2607e8b20a25,195
S0259,raw_sard_php/Injection/CWE_98/safe/CWE_98__backticks__CAST-cast_float__include_file_id-interpretation_simple_quote.php,CWE_98,backticks,CAST-cast_float,include_file_id-interpretation_simple_quote,Safe,1cc41f01e091,107
S0260,raw_sard_php/Injection/CWE_98/safe/CWE_98__backticks__CAST-cast_int_sort_of2__include_file_id-sprintf_%d_simple_quote.php,CWE_98,backticks,CAST-cast_int_sort_of2,include_file_id-sprintf_%d_simple_quote,Safe,eebb08d68417,115
S0261,raw_sard_php/Injection/CWE_98/safe/CWE_98__backticks__CAST-cast_int_sort_of__include_file_id-sprintf_%d_simple_quote.php,CWE_98,backticks,CAST-cast_int_sort_of,include_file_id-sprintf_%d_simple_quote,Safe,d4a6e9761be7,106
S0262,raw_sard_php/Injection/CWE_98/safe/CWE_98__backticks__CAST-func_settype_int__require_file_id-concatenation_simple_quote.php,CWE_98,backticks,CAST-func_settype_int,require_file_id-concatenation_simple_quote,Safe,52c2220022be,160
S0263,raw_sard_php/Injection/CWE_98/safe/CWE_98__backticks__func_FILTER-CLEANING-magic_quotes_filter__include_file_name-sprintf_%s_simple_quote.php,CWE_98,backticks,func_FILTER-CLEANING-magic_quotes_filter,include_file_name-sprintf_%s_simple_quote,Safe,edc63a0fc303,173
S0264,raw_sard_php/Injection/CWE_98/safe/CWE_98__backticks__func_htmlentities__include_file_name-concatenation_simple_quote.php,CWE_98,backticks,func_htmlentities,include_file_name-concatenation_simple_quote,Safe,b21b5c7a903a,125
S0265,raw_sard_php/Injection/CWE_98/safe/CWE_98__backticks__func_htmlspecialchars__require_file_name-concatenation_simple_quote.php,CWE_98,backticks,func_htmlspecialchars,require_file_name-concatenation_simple_quote,Safe,a8788c12be14,129
S0266,raw_sard_php/Injection/CWE_98/safe/CWE_98__exec__CAST-cast_int_sort_of2__require_file_id-sprintf_%d_simple_quote.php,CWE_98,exec,CAST-cast_int_sort_of2,require_file_id-sprintf_%d_simple_quote,Safe,7fdac1795511,166
S0267,raw_sard_php/Injection/CWE_98/safe/CWE_98__exec__CAST-cast_int_sort_of__require_file_id-interpretation_simple_quote.php,CWE_98,exec,CAST-cast_int_sort_of,require_file_id-interpretation_simple_quote,Safe,4eab214158e5,144
S0268,raw_sard_php/Injection/CWE_98/safe/CWE_98__exec__func_FILTER-VALIDATION-number_float_filter__require_file_id-sprintf_%d_simple_quote.php,CWE_98,exec,func_FILTER-VALIDATION-number_float_filter,require_file_id-sprintf_%d_simple_quote,Safe,77dd621bc49a,237
S0269,raw_sard_php/Injection/CWE_98/safe/CWE_98__exec__func_floatval__include_file_id-sprintf_%d_simple_quote.php,CWE_98,exec,func_floatval,include_file_id-sprintf_%d_simple_quote,Safe,381b7e2017e5,172
S0270,raw_sard_php/Injection/CWE_98/safe/CWE_98__exec__func_preg_match-only_numbers__include_file_id-sprintf_%d_simple_quote.php,CWE_98,exec,func_preg_match-only_numbers,include_file_id-sprintf_%d_simple_quote,Safe,0115bfa48d9c,243
S0271,raw_sard_php/Injection/CWE_98/safe/CWE_98__exec__ternary_white_list__include_file_id-concatenation_simple_quote.php,CWE_98,exec,ternary_white_list,include_file_id-concatenation_simple_quote,Safe,20f296dc575c,187
S0272,raw_sard_php/Injection/CWE_98/safe/CWE_98__exec__ternary_white_list__require_file_id-interpretation_simple_quote.php,CWE_98,exec,ternary_white_list,require_file_id-interpretation_simple_quote,Safe,9070defd187c,180
S0273,raw_sard_php/Injection/CWE_98/safe/CWE_98__fopen__CAST-func_settype_float__require_file_id-concatenation_simple_quote.php,CWE_98,fopen,CAST-func_settype_float,require_file_id-concatenation_simple_quote,Safe,1deb6ea6d4dc,291
S0274,raw_sard_php/Injection/CWE_98/safe/CWE_98__fopen__func_intval__include_file_id-interpretation_simple_quote.php,CWE_98,fopen,func_intval,include_file_id-interpretation_simple_quote,Safe,5fd598b8b67f,238
S0275,raw_sard_php/Injection/CWE_98/safe/CWE_98__object-Array__CAST-func_settype_float__require_file_id-interpretation_simple_quote.php,CWE_98,object-Array,CAST-func_settype_float,require_file_id-interpretation_simple_quote,Safe,5d3b57515abe,399
S0276,raw_sard_php/Injection/CWE_98/safe/CWE_98__object-Array__func_FILTER-VALIDATION-number_int_filter__require_file_id-concatenation_simple_quote.php,CWE_98,object-Array,func_FILTER-VALIDATION-number_int_filter,require_file_id-concatenation_simple_quote,Safe,b18b29ae9edc,425
S0277,raw_sard_php/Injection/CWE_98/safe/CWE_98__object-Array__func_preg_replace2__require_file_name-sprintf_%s_simple_quote.php,CWE_98,object-Array,func_preg_replace2,require_file_name-sprintf_%s_simple_quote,Safe,fc0d3af40fba,378
S0278,raw_sard_php/Injection/CWE_98/safe/CWE_98__object-classicGet__CAST-cast_float_sort_of__require_file_id-interpretation_simple_quote.php,CWE_98,object-classicGet,CAST-cast_float_sort_of,require_file_id-interpretation_simple_quote,Safe,655ced01caff,261
S0279,raw_sard_php/Injection/CWE_98/safe/CWE_98__object-classicGet__CAST-cast_int__require_file_id-interpretation_simple_quote.php,CWE_98,object-classicGet,CAST-cast_int,require_file_id-interpretation_simple_quote,Safe,03cfec3fa6d3,271
S0280,raw_sard_php/Injection/CWE_98/safe/CWE_98__object-classicGet__func_preg_match-letters_numbers__require_file_name-concatenation_simple_quote.php,CWE_98,object-classicGet,func_preg_match-letters_numbers,require_file_name-concatenation_simple_quote,Safe,43ad31df3541,352
S0281,raw_sard_php/Injection/CWE_98/safe/CWE_98__object-classicGet__func_preg_replace2__require_file_name-concatenation_simple_quote.php,CWE_98,object-classicGet,func_preg_replace2,require_file_name-concatenation_simple_quote,Safe,2b3bbdee5e11,291
S0282,raw_sard_php/Injection/CWE_98/safe/CWE_98__object-directGet__CAST-cast_int__include_file_id-interpretation_simple_quote.php,CWE_98,object-directGet,CAST-cast_int,include_file_id-interpretation_simple_quote,Safe,8e5016fd0e20,193
S0283,raw_sard_php/Injection/CWE_98/safe/CWE_98__object-directGet__func_FILTER-VALIDATION-number_float_filter__require_file_id-concatenation_simple_quote.php,CWE_98,object-directGet,func_FILTER-VALIDATION-number_float_filter,require_file_id-concatenation_simple_quote,Safe,87d5e830c229,268
S0284,raw_sard_php/Injection/CWE_98/safe/CWE_98__object-indexArray__CAST-cast_float_sort_of__include_file_id-sprintf_%d_simple_quote.php,CWE_98,object-indexArray,CAST-cast_float_sort_of,include_file_id-sprintf_%d_simple_quote,Safe,21d7e583a745,381
S0285,raw_sard_php/Injection/CWE_98/safe/CWE_98__object-indexArray__func_preg_replace2__require_file_name-interpretation_simple_quote.php,CWE_98,object-indexArray,func_preg_replace2,require_file_name-interpretation_simple_quote,Safe,82f83351a896,391
S0286,raw_sard_php/Injection/CWE_98/safe/CWE_98__popen__func_floatval__require_file_id-concatenation_simple_quote.php,CWE_98,popen,func_floatval,require_file_id-concatenation_simple_quote,Safe,c9131e75cf3a,181
S0287,raw_sard_php/Injection/CWE_98/safe/CWE_98__popen__func_htmlentities__require_file_name-concatenation_simple_quote.php,CWE_98,popen,func_htmlentities,require_file_name-concatenation_simple_quote,Safe,6be5a002a057,191
S0288,raw_sard_php/Injection/CWE_98/safe/CWE_98__proc_open__func_FILTER-VALIDATION-number_float_filter__include_file_id-interpretation_simple_quote.php,CWE_98,proc_open,func_FILTER-VALIDATION-number_float_filter,include_file_id-interpretation_simple_quote,Safe,1ad31042a1cc,514
S0289,raw_sard_php/Injection/CWE_98/safe/CWE_98__shell_exec__func_preg_match-letters_numbers__require_file_name-interpretation_simple_quote.php,CWE_98,shell_exec,func_preg_match-letters_numbers,require_file_name-interpretation_simple_quote,Safe,76b2038966bf,191
S0290,raw_sard_php/Injection/CWE_98/safe/CWE_98__shell_exec__func_preg_match-only_letters__require_file_name-sprintf_%s_simple_quote.php,CWE_98,shell_exec,func_preg_match-only_letters,require_file_name-sprintf_%s_simple_quote,Safe,eac651eff3a7,201
S0291,raw_sard_php/Injection/CWE_98/safe/CWE_98__shell_exec__ternary_white_list__require_file_name-concatenation_simple_quote.php,CWE_98,shell_exec,ternary_white_list,require_file_name-concatenation_simple_quote,Safe,b772a54b8102,142
S0292,raw_sard_php/Injection/CWE_98/safe/CWE_98__system__CAST-cast_int_sort_of2__require_file_id-interpretation_simple_quote.php,CWE_98,system,CAST-cast_int_sort_of2,require_file_id-interpretation_simple_quote,Safe,ba1b425648a8,101
S0293,raw_sard_php/Injection/CWE_98/safe/CWE_98__system__CAST-func_settype_int__include_file_id-concatenation_simple_quote.php,CWE_98,system,CAST-func_settype_int,include_file_id-concatenation_simple_quote,Safe,d6d4a8c44aee,159
S0294,raw_sard_php/Injection/CWE_98/safe/CWE_98__system__func_FILTER-VALIDATION-number_int_filter__require_file_id-concatenation_simple_quote.php,CWE_98,system,func_FILTER-VALIDATION-number_int_filter,require_file_id-concatenation_simple_quote,Safe,fe8c45784fa2,177
S0295,raw_sard_php/Injection/CWE_98/safe/CWE_98__system__func_mysql_real_escape_string__require_file_id-sprintf_%d_simple_quote.php,CWE_98,system,func_mysql_real_escape_string,require_file_id-sprintf_%d_simple_quote,Safe,180d56603b20,136
S0296,raw_sard_php/Injection/CWE_98/safe/CWE_98__system__func_preg_replace__include_file_name-concatenation_simple_quote.php,CWE_98,system,func_preg_replace,include_file_name-concatenation_simple_quote,Safe,5e3a645fc34c,124
S0297,raw_sard_php/Injection/CWE_98/safe/CWE_98__system__whitelist_using_array__include_file_id-concatenation_simple_quote.php,CWE_98,system,whitelist_using_array,include_file_id-concatenation_simple_quote,Safe,a3a015dbdd33,229
S0298,raw_sard_php/Injection/CWE_98/safe/CWE_98__unserialize__func_mysql_real_escape_string__require_file_id-sprintf_%d_simple_quote.php,CWE_98,unserialize,func_mysql_real_escape_string,require_file_id-sprintf_%d_simple_quote,Safe,e03192d0789b,166
S0299,raw_sard_php/Injection/CWE_98/safe/CWE_98__unserialize__func_preg_match-only_numbers__require_file_id-concatenation_simple_quote.php,CWE_98,unserialize,func_preg_match-only_numbers,require_file_id-concatenation_simple_quote,Safe,bc51bf2fd5e8,215
S0300,raw_sard_php/Injection/CWE_98/safe/CWE_98__unserialize__ternary_white_list__include_file_name-sprintf_%s_simple_quote.php,CWE_98,unserialize,ternary_white_list,include_file_name-sprintf_%s_simple_quote,Safe,4ff2045283a0,165
S0301,raw_sard_php/Injection/CWE_98/unsafe/CWE_98__GET__func_FILTER-VALIDATION-email_filter__include_file_name-concatenation_simple_quote.php,CWE_98,GET,func_FILTER-VALIDATION-email_filter,include_file_name-concatenation_simple_quote,Vulnerable,bee33ca0c4fa,176
S0302,raw_sard_php/Injection/CWE_98/unsafe/CWE_98__GET__func_preg_match-no_filtering__include_file_name-concatenation_simple_quote.php,CWE_98,GET,func_preg_match-no_filtering,include_file_name-concatenation_simple_quote,Vulnerable,ba51717c7a28,178
S0303,raw_sard_php/Injection/CWE_98/unsafe/CWE_98__POST__func_FILTER-CLEANING-email_filter__include_file_name-interpretation_simple_quote.php,CWE_98,POST,func_FILTER-CLEANING-email_filter,include_file_name-interpretation_simple_quote,Vulnerable,3aa83d9c85ed,228
S0304,raw_sard_php/Injection/CWE_98/unsafe/CWE_98__POST__func_FILTER-CLEANING-email_filter__include_file_name-sprintf_%s_simple_quote.php,CWE_98,POST,func_FILTER-CLEANING-email_filter,include_file_name-sprintf_%s_simple_quote,Vulnerable,bf69fff577a0,241
S0305,raw_sard_php/Injection/CWE_98/unsafe/CWE_98__POST__func_FILTER-CLEANING-full_special_chars_filter__include_file_name-sprintf_%s_simple_quote.php,CWE_98,POST,func_FILTER-CLEANING-full_special_chars_filter,include_file_name-sprintf_%s_simple_quote,Vulnerable,33b989fca632,182
S0306,raw_sard_php/Injection/CWE_98/unsafe/CWE_98__POST__func_FILTER-CLEANING-special_chars_filter__require_file_name-concatenation_simple_quote.php,CWE_98,POST,func_FILTER-CLEANING-special_chars_filter,require_file_name-concatenation_simple_quote,Vulnerable,60a602e4ab93,171
S0307,raw_sard_php/Injection/CWE_98/unsafe/CWE_98__POST__func_FILTER-CLEANING-special_chars_filter__require_file_name-interpretation_simple_quote.php,CWE_98,POST,func_FILTER-CLEANING-special_chars_filter,require_file_name-interpretation_simple_quote,Vulnerable,55a7d97adbf1,164
S0308,raw_sard_php/Injection/CWE_98/unsafe/CWE_98__POST__func_FILTER-VALIDATION-email_filter__include_file_name-interpretation_simple_quote.php,CWE_98,POST,func_FILTER-VALIDATION-email_filter,include_file_name-interpretation_simple_quote,Vulnerable,43ee183e5cf5,170
S0309,raw_sard_php/Injection/CWE_98/unsafe/CWE_98__POST__func_preg_match-no_filtering__include_file_name-concatenation_simple_quote.php,CWE_98,POST,func_preg_match-no_filtering,include_file_name-concatenation_simple_quote,Vulnerable,041cd171bc6d,179
S0310,raw_sard_php/Injection/CWE_98/unsafe/CWE_98__POST__func_preg_match-no_filtering__require_file_name-interpretation_simple_quote.php,CWE_98,POST,func_preg_match-no_filtering,require_file_name-interpretation_simple_quote,Vulnerable,4db982379e23,172
S0311,raw_sard_php/Injection/CWE_98/unsafe/CWE_98__SESSION__func_FILTER-CLEANING-special_chars_filter__include_file_name-concatenation_simple_quote.php,CWE_98,SESSION,func_FILTER-CLEANING-special_chars_filter,include_file_name-concatenation_simple_quote,Vulnerable,c15e36a56ff3,174
S0312,raw_sard_php/Injection/CWE_98/unsafe/CWE_98__SESSION__func_preg_match-no_filtering__require_file_name-interpretation_simple_quote.php,CWE_98,SESSION,func_preg_match-no_filtering,require_file_name-interpretation_simple_quote,Vulnerable,2492f1bbaca6,175
S0313,raw_sard_php/Injection/CWE_98/unsafe/CWE_98__SESSION__no_sanitizing__include_file_id-interpretation_simple_quote.php,CWE_98,SESSION,no_sanitizing,include_file_id-interpretation_simple_quote,Vulnerable,83478eeb39c4,99
S0314,raw_sard_php/Injection/CWE_98/unsafe/CWE_98__SESSION__no_sanitizing__require_file_id-concatenation_simple_quote.php,CWE_98,SESSION,no_sanitizing,require_file_id-concatenation_simple_quote,Vulnerable,3b5b45c7d8f5,106
S0315,raw_sard_php/Injection/CWE_98/unsafe/CWE_98__SESSION__no_sanitizing__require_file_name-interpretation_simple_quote.php,CWE_98,SESSION,no_sanitizing,require_file_name-interpretation_simple_quote,Vulnerable,d2f59d749ef2,93
S0316,raw_sard_php/Injection/CWE_98/unsafe/CWE_98__array-GET__func_FILTER-CLEANING-email_filter__include_file_name-interpretation_simple_quote.php,CWE_98,array-GET,func_FILTER-CLEANING-email_filter,include_file_name-interpretation_simple_quote,Vulnerable,a81d3701404f,309
S0317,raw_sard_php/Injection/CWE_98/unsafe/CWE_98__array-GET__func_FILTER-VALIDATION-email_filter__require_file_name-interpretation_simple_quote.php,CWE_98,array-GET,func_FILTER-VALIDATION-email_filter,require_file_name-interpretation_simple_quote,Vulnerable,025424683d93,251
S0318,raw_sard_php/Injection/CWE_98/unsafe/CWE_98__array-GET__func_preg_match-no_filtering__include_file_name-concatenation_simple_quote.php,CWE_98,array-GET,func_preg_match-no_filtering,include_file_name-concatenation_simple_quote,Vulnerable,9d11117ed6fc,260
S0319,raw_sard_php/Injection/CWE_98/unsafe/CWE_98__array-GET__func_preg_match-no_filtering__require_file_name-sprintf_%s_simple_quote.php,CWE_98,array-GET,func_preg_match-no_filtering,require_file_name-sprintf_%s_simple_quote,Vulnerable,b69da707b676,266
S0320,raw_sard_php/Injection/CWE_98/unsafe/CWE_98__backticks__func_FILTER-CLEANING-email_filter__include_file_name-sprintf_%s_simple_quote.php,CWE_98,backticks,func_FILTER-CLEANING-email_filter,include_file_name-sprintf_%s_simple_quote,Vulnerable,416c0c575a8f,245
S0321,raw_sard_php/Injection/CWE_98/unsafe/CWE_98__exec__func_FILTER-CLEANING-full_special_chars_filter__require_file_name-interpretation_simple_quote.php,CWE_98,exec,func_FILTER-CLEANING-full_special_chars_filter,require_file_name-interpretation_simple_quote,Vulnerable,293a7f6b3ae9,224
S0322,raw_sard_php/Injection/CWE_98/unsafe/CWE_98__exec__no_sanitizing__require_file_name-interpretation_simple_quote.php,CWE_98,exec,no_sanitizing,require_file_name-interpretation_simple_quote,Vulnerable,d87349642dfd,145
S0323,raw_sard_php/Injection/CWE_98/unsafe/CWE_98__fopen__func_FILTER-CLEANING-email_filter__require_file_name-concatenation_simple_quote.php,CWE_98,fopen,func_FILTER-CLEANING-email_filter,require_file_name-concatenation_simple_quote,Vulnerable,c244e862bf47,371
S0324,raw_sard_php/Injection/CWE_98/unsafe/CWE_98__fopen__func_FILTER-CLEANING-special_chars_filter__include_file_name-concatenation_simple_quote.php,CWE_98,fopen,func_FILTER-CLEANING-special_chars_filter,include_file_name-concatenation_simple_quote,Vulnerable,d7e871caec9e,307
S0325,raw_sard_php/Injection/CWE_98/unsafe/CWE_98__fopen__func_FILTER-CLEANING-special_chars_filter__require_file_name-sprintf_%s_simple_quote.php,CWE_98,fopen,func_FILTER-CLEANING-special_chars_filter,require_file_name-sprintf_%s_simple_quote,Vulnerable,92ada8ea42bc,313
S0326,raw_sard_php/Injection/CWE_98/unsafe/CWE_98__fopen__func_preg_match-no_filtering__require_file_name-interpretation_simple_quote.php,CWE_98,fopen,func_preg_match-no_filtering,require_file_name-interpretation_simple_quote,Vulnerable,61d137374bfb,308
S0327,raw_sard_php/Injection/CWE_98/unsafe/CWE_98__fopen__no_sanitizing__include_file_name-sprintf_%s_simple_quote.php,CWE_98,fopen,no_sanitizing,include_file_name-sprintf_%s_simple_quote,Vulnerable,c4b26e51660d,239
S0328,raw_sard_php/Injection/CWE_98/unsafe/CWE_98__object-Array__func_FILTER-CLEANING-email_filter__require_file_name-concatenation_simple_quote.php,CWE_98,object-Array,func_FILTER-CLEANING-email_filter,require_file_name-concatenation_simple_quote,Vulnerable,5c80c7832181,486
S0329,raw_sard_php/Injection/CWE_98/unsafe/CWE_98__object-Array__func_FILTER-CLEANING-email_filter__require_file_name-sprintf_%s_simple_quote.php,CWE_98,object-Array,func_FILTER-CLEANING-email_filter,require_file_name-sprintf_%s_simple_quote,Vulnerable,d51a8cc13d17,492
S0330,raw_sard_php/Injection/CWE_98/unsafe/CWE_98__object-Array__func_FILTER-CLEANING-full_special_chars_filter__include_file_name-sprintf_%s_simple_quote.php,CWE_98,object-Array,func_FILTER-CLEANING-full_special_chars_filter,include_file_name-sprintf_%s_simple_quote,Vulnerable,a2b30901e52f,433
S0331,raw_sard_php/Injection/CWE_98/unsafe/CWE_98__object-Array__func_FILTER-CLEANING-special_chars_filter__include_file_name-sprintf_%s_simple_quote.php,CWE_98,object-Array,func_FILTER-CLEANING-special_chars_filter,include_file_name-sprintf_%s_simple_quote,Vulnerable,78fd5e586f3a,428
S0332,raw_sard_php/Injection/CWE_98/unsafe/CWE_98__object-Array__func_FILTER-VALIDATION-email_filter__include_file_name-concatenation_simple_quote.php,CWE_98,object-Array,func_FILTER-VALIDATION-email_filter,include_file_name-concatenation_simple_quote,Vulnerable,f82fc1ef4d30,428
S0333,raw_sard_php/Injection/CWE_98/unsafe/CWE_98__object-classicGet__func_FILTER-VALIDATION-email_filter__include_file_name-concatenation_simple_quote.php,CWE_98,object-classicGet,func_FILTER-VALIDATION-email_filter,include_file_name-concatenation_simple_quote,Vulnerable,4f728c8dd816,347
S0334,raw_sard_php/Injection/CWE_98/unsafe/CWE_98__object-classicGet__func_FILTER-VALIDATION-email_filter__include_file_name-sprintf_%s_simple_quote.php,CWE_98,object-classicGet,func_FILTER-VALIDATION-email_filter,include_file_name-sprintf_%s_simple_quote,Vulnerable,9416576008e5,353
S0335,raw_sard_php/Injection/CWE_98/unsafe/CWE_98__object-classicGet__func_FILTER-VALIDATION-email_filter__require_file_name-sprintf_%s_simple_quote.php,CWE_98,object-classicGet,func_FILTER-VALIDATION-email_filter,require_file_name-sprintf_%s_simple_quote,Vulnerable,b9140c49ee11,353
S0336,raw_sard_php/Injection/CWE_98/unsafe/CWE_98__object-classicGet__no_sanitizing__require_file_id-interpretation_simple_quote.php,CWE_98,object-classicGet,no_sanitizing,require_file_id-interpretation_simple_quote,Vulnerable,e64efb781d1f,266
S0337,raw_sard_php/Injection/CWE_98/unsafe/CWE_98__object-directGet__func_FILTER-CLEANING-full_special_chars_filter__require_file_name-interpretation_simple_quote.php,CWE_98,object-directGet,func_FILTER-CLEANING-full_special_chars_filter,require_file_name-interpretation_simple_quote,Vulnerable,5c521850f983,261
S0338,raw_sard_php/Injection/CWE_98/unsafe/CWE_98__object-directGet__func_FILTER-CLEANING-special_chars_filter__include_file_name-concatenation_simple_quote.php,CWE_98,object-directGet,func_FILTER-CLEANING-special_chars_filter,include_file_name-concatenation_simple_quote,Vulnerable,05a436c5ff78,263
S0339,raw_sard_php/Injection/CWE_98/unsafe/CWE_98__object-directGet__func_FILTER-VALIDATION-email_filter__include_file_name-concatenation_simple_quote.php,CWE_98,object-directGet,func_FILTER-VALIDATION-email_filter,include_file_name-concatenation_simple_quote,Vulnerable,261d13824b33,269
S0340,raw_sard_php/Injection/CWE_98/unsafe/CWE_98__object-directGet__func_preg_match-no_filtering__include_file_name-concatenation_simple_quote.php,CWE_98,object-directGet,func_preg_match-no_filtering,include_file_name-concatenation_simple_quote,Vulnerable,f4f4cd8cefa2,271
S0341,raw_sard_php/Injection/CWE_98/unsafe/CWE_98__object-directGet__no_sanitizing__include_file_name-concatenation_simple_quote.php,CWE_98,object-directGet,no_sanitizing,include_file_name-concatenation_simple_quote,Vulnerable,54a398a6f478,189
S0342,raw_sard_php/Injection/CWE_98/unsafe/CWE_98__object-indexArray__func_FILTER-CLEANING-email_filter__include_file_name-sprintf_%s_simple_quote.php,CWE_98,object-indexArray,func_FILTER-CLEANING-email_filter,include_file_name-sprintf_%s_simple_quote,Vulnerable,e9598d2f1608,518
S0343,raw_sard_php/Injection/CWE_98/unsafe/CWE_98__object-indexArray__func_FILTER-VALIDATION-email_filter__include_file_name-interpretation_simple_quote.php,CWE_98,object-indexArray,func_FILTER-VALIDATION-email_filter,include_file_name-interpretation_simple_quote,Vulnerable,8d0a612d8f2c,447
S0344,raw_sard_php/Injection/CWE_98/unsafe/CWE_98__object-indexArray__func_preg_match-no_filtering__include_file_name-concatenation_simple_quote.php,CWE_98,object-indexArray,func_preg_match-no_filtering,include_file_name-concatenation_simple_quote,Vulnerable,e14edc90646e,456
S0345,raw_sard_php/Injection/CWE_98/unsafe/CWE_98__object-indexArray__no_sanitizing__include_file_id-concatenation_simple_quote.php,CWE_98,object-indexArray,no_sanitizing,include_file_id-concatenation_simple_quote,Vulnerable,610742c28f93,380
S0346,raw_sard_php/Injection/CWE_98/unsafe/CWE_98__object-indexArray__no_sanitizing__include_file_id-interpretation_simple_quote.php,CWE_98,object-indexArray,no_sanitizing,include_file_id-interpretation_simple_quote,Vulnerable,1ee496a99456,373
S0347,raw_sard_php/Injection/CWE_98/unsafe/CWE_98__popen__func_FILTER-CLEANING-email_filter__require_file_name-sprintf_%s_simple_quote.php,CWE_98,popen,func_FILTER-CLEANING-email_filter,require_file_name-sprintf_%s_simple_quote,Vulnerable,a29a4cf121bd,311
S0348,raw_sard_php/Injection/CWE_98/unsafe/CWE_98__popen__func_FILTER-CLEANING-full_special_chars_filter__require_file_name-sprintf_%s_simple_quote.php,CWE_98,popen,func_FILTER-CLEANING-full_special_chars_filter,require_file_name-sprintf_%s_simple_quote,Vulnerable,cf9c155a5152,252
S0349,raw_sard_php/Injection/CWE_98/unsafe/CWE_98__popen__func_FILTER-CLEANING-special_chars_filter__include_file_name-interpretation_simple_quote.php,CWE_98,popen,func_FILTER-CLEANING-special_chars_filter,include_file_name-interpretation_simple_quote,Vulnerable,fb93f3f75525,234
S0350,raw_sard_php/Injection/CWE_98/unsafe/CWE_98__popen__func_FILTER-VALIDATION-email_filter__include_file_name-concatenation_simple_quote.php,CWE_98,popen,func_FILTER-VALIDATION-email_filter,include_file_name-concatenation_simple_quote,Vulnerable,961012a6441e,247
S0351,raw_sard_php/Injection/CWE_98/unsafe/CWE_98__proc_open__func_FILTER-CLEANING-email_filter__include_file_name-concatenation_simple_quote.php,CWE_98,proc_open,func_FILTER-CLEANING-email_filter,include_file_name-concatenation_simple_quote,Vulnerable,7e1f9782045e,580
S0352,raw_sard_php/Injection/CWE_98/unsafe/CWE_98__proc_open__func_FILTER-CLEANING-full_special_chars_filter__require_file_name-concatenation_simple_quote.php,CWE_98,proc_open,func_FILTER-CLEANING-full_special_chars_filter,require_file_name-concatenation_simple_quote,Vulnerable,b4e961d36b4b,521
S0353,raw_sard_php/Injection/CWE_98/unsafe/CWE_98__proc_open__func_FILTER-CLEANING-special_chars_filter__require_file_name-concatenation_simple_quote.php,CWE_98,proc_open,func_FILTER-CLEANING-special_chars_filter,require_file_name-concatenation_simple_quote,Vulnerable,857efd21f291,516
S0354,raw_sard_php/Injection/CWE_98/unsafe/CWE_98__proc_open__no_sanitizing__include_file_id-sprintf_%d_simple_quote.php,CWE_98,proc_open,no_sanitizing,include_file_id-sprintf_%d_simple_quote,Vulnerable,1d0c504afb65,454
S0355,raw_sard_php/Injection/CWE_98/unsafe/CWE_98__shell_exec__func_FILTER-CLEANING-full_special_chars_filter__include_file_name-interpretation_simple_quote.php,CWE_98,shell_exec,func_FILTER-CLEANING-full_special_chars_filter,include_file_name-interpretation_simple_quote,Vulnerable,6595e421e975,185
S0356,raw_sard_php/Injection/CWE_98/unsafe/CWE_98__shell_exec__func_FILTER-CLEANING-full_special_chars_filter__require_file_name-interpretation_simple_quote.php,CWE_98,shell_exec,func_FILTER-CLEANING-full_special_chars_filter,require_file_name-interpretation_simple_quote,Vulnerable,350c6589af24,185
S0357,raw_sard_php/Injection/CWE_98/unsafe/CWE_98__shell_exec__func_FILTER-CLEANING-special_chars_filter__include_file_name-sprintf_%s_simple_quote.php,CWE_98,shell_exec,func_FILTER-CLEANING-special_chars_filter,include_file_name-sprintf_%s_simple_quote,Vulnerable,22acdeb3b7ec,193
S0358,raw_sard_php/Injection/CWE_98/unsafe/CWE_98__system__func_FILTER-CLEANING-full_special_chars_filter__include_file_name-interpretation_simple_quote.php,CWE_98,system,func_FILTER-CLEANING-full_special_chars_filter,include_file_name-interpretation_simple_quote,Vulnerable,ca42c3918090,172
S0359,raw_sard_php/Injection/CWE_98/unsafe/CWE_98__unserialize__func_FILTER-CLEANING-full_special_chars_filter__include_file_name-concatenation_simple_quote.php,CWE_98,unserialize,func_FILTER-CLEANING-full_special_chars_filter,include_file_name-concatenation_simple_quote,Vulnerable,b0bd28ff2f67,209
S0360,raw_sard_php/Injection/CWE_98/unsafe/CWE_98__unserialize__func_preg_match-no_filtering__include_file_name-sprintf_%s_simple_quote.php,CWE_98,unserialize,func_preg_match-no_filtering,include_file_name-sprintf_%s_simple_quote,Vulnerable,812419a5f269,218
